id,label,Var1
1188,2,2
937,2,2
1113,2,2
1110,2,2
1001,2,2
1488,3,2
1605,3,2
1873,3,2
1666,3,2
1283,3,2
1472,3,2
1461,3,2
1311,3,2
1152,2,2
1013,2,2
1135,2,2
1047,2,2
1127,2,2
1201,2,2
1165,2,2
956,2,2
1236,2,2
1056,2,2
1037,2,2
1211,2,2
962,2,2
1109,2,2
1215,2,2
1105,2,2
1177,2,2
1179,2,2
1196,2,2
1216,2,2
1133,2,2
935,2,2
1167,2,2
981,2,2
1092,2,2
978,2,2
1172,2,2
1210,2,2
1093,2,2
1728,3,2
1076,2,2
1191,2,2
979,2,2
1132,2,2
1154,2,2
943,2,2
1086,2,2
1144,2,2
1187,2,2
1214,2,2
1065,2,2
982,2,2
1189,2,2
954,2,2
1193,2,2
1079,2,2
941,2,2
1055,2,2
1131,2,2
1072,2,2
1006,2,2
1115,2,2
1149,2,2
1039,2,2
1232,2,2
1122,2,2
1231,2,2
1137,2,2
951,2,2
1046,2,2
1009,2,2
980,2,2
1075,2,2
1190,2,2
1071,2,2
1226,2,2
1220,2,2
1759,3,2
1118,2,2
985,2,2
1073,2,2
1158,2,2
1192,2,2
963,2,2
1157,2,2
1041,2,2
1235,2,2
1230,2,2
939,2,2
1097,2,2
1194,2,2
1089,2,2
1052,2,2
1049,2,2
955,2,2
1104,2,2
1160,2,2
948,2,2
1000,2,2
1066,2,2
1156,2,2
1203,2,2
1058,2,2
950,2,2
1048,2,2
1108,2,2
1793,3,2
938,2,2
1195,2,2
1045,2,2
1114,2,2
1212,2,2
997,2,2
1103,2,2
1140,2,2
1029,2,2
1063,2,2
984,2,2
1008,2,2
1130,2,2
1155,2,2
1022,2,2
1099,2,2
1124,2,2
1174,2,2
1002,2,2
1227,2,2
1112,2,2
1782,3,2
1036,2,2
1007,2,2
1225,2,2
1069,2,2
1148,2,2
1004,2,2
977,2,2
1014,2,2
1012,2,2
1026,2,2
1020,2,2
1102,2,2
1038,2,2
1129,2,2
1116,2,2
1057,2,2
1033,2,2
1031,2,2
1084,2,2
1208,2,2
1021,2,2
1198,2,2
991,2,2
973,2,2
946,2,2
1128,2,2
1053,2,2
1035,2,2
976,2,2
1074,2,2
1083,2,2
1125,2,2
996,2,2
1120,2,2
1087,2,2
934,2,2
1199,2,2
1068,2,2
1234,2,2
1005,2,2
1054,2,2
986,2,2
1044,2,2
1183,2,2
1182,2,2
1221,2,2
1034,2,2
1185,2,2
1032,2,2
971,2,2
1143,2,2
1200,2,2
940,2,2
1146,2,2
1665,3,2
1224,2,2
1121,2,2
968,2,2
1341,3,2
949,2,2
1171,2,2
1919,3,2
936,2,2
1138,2,2
1025,2,2
1024,2,2
1207,2,2
1184,2,2
1204,2,3
1223,2,3
1679,3,3
1600,3,3
1609,3,3
1719,3,3
1470,3,3
1370,3,3
1687,3,3
1329,3,3
1444,3,3
1264,3,3
1372,3,3
1804,3,3
1447,3,3
1479,3,3
1538,3,3
1481,3,3
1739,3,3
1310,3,3
1811,3,3
1870,3,3
1586,3,3
1581,3,3
1462,3,3
1411,3,3
1441,3,3
1305,3,3
1374,3,3
1361,3,3
1770,3,3
1660,3,3
1281,3,3
1761,3,3
967,2,3
944,2,3
1450,3,3
1662,3,3
1634,3,3
1783,3,3
1897,3,3
1513,3,3
1480,3,3
1704,3,3
1222,2,3
1477,3,3
1856,3,3
1367,3,3
745,1,3
1962,4,3
1427,3,3
1790,3,3
1773,3,3
1413,3,3
1800,3,3
1835,3,3
1406,3,3
1909,3,3
1882,3,3
1449,3,3
1669,3,3
1261,3,3
1279,3,3
1284,3,3
1764,3,3
1646,3,3
1448,3,3
1425,3,3
1237,3,3
1725,3,3
1545,3,3
1246,3,3
1741,3,3
1272,3,3
1117,2,3
1553,3,3
1816,3,3
983,2,3
1043,2,3
945,2,3
1162,2,3
1017,2,3
1676,3,3
1767,3,3
1563,3,3
1727,3,3
1692,3,3
1309,3,3
1320,3,3
1691,3,3
1405,3,3
1098,2,3
1080,2,3
1360,3,3
1296,3,3
1415,3,3
1239,3,3
1359,3,3
1632,3,3
1380,3,3
1294,3,3
1577,3,3
1458,3,3
1340,3,3
1877,3,3
1889,3,3
1696,3,3
1500,3,3
1389,3,3
1813,3,3
1747,3,3
1229,2,3
1336,3,3
1317,3,3
1851,3,3
1910,3,3
1308,3,3
1797,3,3
1561,3,3
1260,3,3
1298,3,3
1686,3,3
1735,3,3
1628,3,3
1268,3,3
1867,3,3
1304,3,3
1445,3,3
1257,3,3
1589,3,3
1578,3,3
1875,3,3
1252,3,3
1730,3,3
1671,3,3
1459,3,3
1254,3,3
1357,3,3
1312,3,3
1464,3,3
1701,3,3
953,2,3
1670,3,3
1238,3,3
1442,3,3
1347,3,3
1614,3,3
1742,3,3
1288,3,3
1465,3,3
1346,3,3
1871,3,3
1801,3,3
1751,3,3
1564,3,3
1623,3,3
1799,3,3
1557,3,3
1455,3,3
1316,3,3
1537,3,3
1732,3,3
1639,3,3
1471,3,3
1173,2,3
1502,3,3
1584,3,3
1366,3,3
2709,4,3
2444,4,3
1327,3,3
1876,3,3
1339,3,2
270,1,2
987,2,2
1082,2,2
1228,2,2
1161,2,2
1175,2,2
1018,2,2
1111,2,2
1219,2,2
1067,2,2
942,2,2
965,2,2
1060,2,2
1291,3,2
1030,2,2
1205,2,2
1100,2,2
1107,2,2
1150,2,2
1141,2,2
1151,2,2
1543,3,2
999,2,2
1181,2,2
1420,3,2
1829,3,2
1159,2,2
1516,3,2
205,1,2
1362,3,2
1094,2,2
1690,3,2
1297,3,2
1638,3,4
2582,4,4
2546,4,4
1949,4,4
2511,4,4
2318,4,4
2325,4,4
2411,4,4
2507,4,4
2680,4,4
2238,4,4
2065,4,4
2120,4,4
1937,4,4
2653,4,4
2573,4,4
2575,4,4
2647,4,4
2452,4,4
2614,4,4
926,1,4
1989,4,4
2527,4,4
2151,4,4
2125,4,4
2216,4,4
2569,4,4
2268,4,4
1965,4,4
2019,4,4
2542,4,4
2395,4,4
2506,4,4
2567,4,4
2430,4,4
2271,4,4
2524,4,4
2018,4,4
2514,4,4
1977,4,4
2099,4,4
2455,4,4
1929,4,4
2146,4,4
1950,4,4
1986,4,4
2239,4,4
2422,4,4
2431,4,4
2497,4,4
2141,4,4
2105,4,4
1922,4,4
2597,4,4
2625,4,4
1974,4,4
2398,4,4
2598,4,4
2287,4,4
2154,4,4
2389,4,4
2544,4,4
2246,4,4
2020,4,4
2485,4,4
2661,4,4
2577,4,4
2194,4,4
2643,4,4
2009,4,4
1562,3,4
2217,4,4
2185,4,4
1802,3,4
1497,3,4
2092,4,4
2174,4,4
2342,4,4
2230,4,4
2650,4,4
2373,4,4
2262,4,3
1817,3,3
1766,3,3
1532,3,3
1711,3,3
1474,3,3
1505,3,3
1850,3,3
1620,3,3
1878,3,3
1855,3,3
1552,3,3
1840,3,3
1388,3,3
1328,3,3
1394,3,3
1708,3,3
1752,3,3
1515,3,3
1717,3,3
1429,3,3
1911,3,3
1798,3,3
1664,3,3
1263,3,3
1890,3,3
1247,3,3
1244,3,3
1326,3,3
1661,3,3
1737,3,3
1864,3,3
1678,3,3
1240,3,3
1698,3,3
2416,4,3
2162,4,3
2159,4,3
2161,4,3
1947,4,3
1921,4,3
2240,4,3
2118,4,3
2700,4,3
2651,4,3
2053,4,3
2259,4,3
1943,4,3
2060,4,3
2508,4,3
1707,3,3
1749,3,3
1446,3,3
1375,3,3
1668,3,3
1511,3,3
1794,3,3
2553,4,3
2561,4,3
2688,4,3
825,1,3
1095,2,3
1868,3,3
1654,3,3
2010,4,3
2265,4,3
2667,4,3
2644,4,3
2191,4,3
2332,4,3
2466,4,4
243,1,4
1457,3,4
1900,3,4
2593,4,4
2295,4,4
2672,4,4
2329,4,4
2464,4,4
2402,4,4
2336,4,4
2167,4,4
2369,4,4
2050,4,4
2229,4,4
2717,4,4
2654,4,4
2595,4,4
2136,4,4
2550,4,4
2594,4,4
2603,4,4
2599,4,4
2610,4,4
2420,4,4
2645,4,4
2448,4,4
2261,4,4
2664,4,4
2694,4,4
2220,4,4
2164,4,4
1928,4,4
2102,4,4
1923,4,4
2564,4,4
2584,4,4
1944,4,4
2227,4,4
2621,4,4
2319,4,4
2646,4,4
2470,4,4
2450,4,4
2232,4,4
2536,4,4
2233,4,4
2074,4,4
100,1,4
2202,4,4
1930,4,4
2274,4,4
2639,4,4
2294,4,4
2360,4,4
2624,4,4
2409,4,4
2184,4,4
484,1,4
1967,4,4
204,1,4
1968,4,4
2106,4,4
2273,4,4
2052,4,4
2545,4,4
2541,4,4
2468,4,4
2351,4,4
1955,4,4
2626,4,4
2558,4,4
2305,4,4
2657,4,4
2676,4,4
2368,4,4
2703,4,4
2423,4,4
2490,4,4
2425,4,4
2309,4,4
2453,4,4
2035,4,4
2024,4,4
2370,4,4
2126,4,4
2286,4,4
2606,4,4
2633,4,4
2510,4,4
2212,4,4
2387,4,4
2379,4,4
2323,4,4
2456,4,4
2355,4,4
2017,4,4
2601,4,4
1902,3,4
1489,3,4
2628,4,4
2324,4,4
2119,4,4
2128,4,4
2396,4,4
1926,4,4
2341,4,4
2008,4,4
2583,4,4
2272,4,4
2054,4,4
1979,4,4
2196,4,4
2655,4,3
1706,3,3
1613,3,3
1754,3,3
1560,3,3
1546,3,3
1525,3,3
1315,3,3
1369,3,3
1884,3,3
1512,3,3
1549,3,3
1408,3,3
988,2,3
1267,3,3
1852,3,3
1478,3,3
1917,3,3
1301,3,3
1622,3,3
1412,3,3
1278,3,3
1763,3,3
1748,3,3
1378,3,3
1466,3,3
1524,3,3
1776,3,3
1269,3,3
1379,3,3
1506,3,3
1454,3,3
1345,3,3
1837,3,3
1778,3,3
2517,4,3
2250,4,3
2302,4,3
2443,4,3
2478,4,3
2156,4,3
1940,4,3
2109,4,3
2459,4,3
2327,4,3
2376,4,3
2160,4,3
2269,4,3
2419,4,3
2482,4,3
1971,4,3
2687,4,3
1958,4,3
2085,4,3
2117,4,3
2344,4,3
2166,4,3
2168,4,3
2394,4,3
1969,4,3
2652,4,3
2289,4,3
2288,4,3
2372,4,3
2131,4,3
2711,4,3
2620,4,3
2503,4,3
1585,3,3
1350,3,3
1823,3,3
1898,3,3
1417,3,3
1565,3,3
1251,3,3
1507,3,3
1273,3,3
1258,3,3
2548,4,3
2123,4,3
187,1,3
400,1,3
1724,3,3
1833,3,3
1779,3,3
1542,3,3
1991,4,3
2197,4,3
2494,4,3
2487,4,3
628,1,3
1842,3,3
630,1,3
43,1,3
1630,3,3
1373,3,3
1807,3,3
1353,3,3
1593,3,3
1401,3,3
1697,3,3
1527,3,3
1530,3,3
1295,3,3
1610,3,3
1726,3,3
1721,3,3
1432,3,3
1597,3,3
1772,3,3
1496,3,3
1652,3,3
1385,3,3
1648,3,3
1775,3,3
1863,3,3
1858,3,3
1653,3,3
1785,3,3
1467,3,3
1498,3,3
1540,3,3
1834,3,3
1723,3,3
1126,2,3
1040,2,3
1265,3,3
1570,3,3
1381,3,3
1796,3,3
1832,3,3
1487,3,3
1611,3,3
1674,3,3
1213,2,3
1147,2,3
1365,3,3
1625,3,3
1733,3,3
1603,3,3
1383,3,3
1431,3,3
1290,3,3
1404,3,3
1683,3,3
1091,2,3
1616,3,3
1197,2,3
1694,3,3
1712,3,3
1424,3,3
1544,3,3
1397,3,3
1830,3,3
1887,3,3
1787,3,3
1888,3,3
1289,3,3
1551,3,3
1558,3,3
1643,3,3
1758,3,3
1753,3,3
1410,3,3
1522,3,3
1901,3,3
1510,3,3
1720,3,3
1368,3,3
1825,3,3
1245,3,3
1583,3,3
1903,3,3
1891,3,3
1123,2,3
1081,2,3
1064,2,3
1635,3,3
1456,3,3
1714,3,3
1760,3,3
1755,3,3
1601,3,3
1319,3,3
1521,3,3
1492,3,3
1078,2,3
1307,3,3
1904,3,3
1880,3,3
1382,3,3
958,2,3
1626,3,3
1302,3,3
1912,3,3
1393,3,3
1299,3,3
1913,3,3
1715,3,3
1699,3,3
1390,3,3
1893,3,3
1768,3,3
1918,3,3
1644,3,3
1693,3,3
1363,3,3
1119,2,3
1400,3,3
1844,3,3
1895,3,3
1845,3,3
1280,3,3
1582,3,3
1318,3,3
975,2,3
1841,3,3
1836,3,3
1703,3,3
1233,2,3
961,2,3
1142,2,3
994,2,3
1659,3,3
1392,3,3
1338,3,3
1650,3,3
1303,3,3
1331,3,3
1452,3,3
964,2,3
1908,3,3
1579,3,3
1354,3,3
1806,3,3
1343,3,3
1786,3,3
1684,3,3
1815,3,3
1667,3,3
1421,3,3
1663,3,3
1276,3,3
952,2,3
1028,2,3
1781,3,3
1827,3,3
1803,3,3
1243,3,3
1023,2,3
335,1,3
1812,3,3
1607,3,3
1859,3,3
1286,3,3
1756,3,3
1463,3,3
1618,3,3
1293,3,3
1414,3,3
1713,3,3
1387,3,3
1027,2,3
1168,2,3
1485,3,3
1791,3,3
1536,3,3
1559,3,3
1743,3,3
1241,3,3
2393,4,3
1517,3,3
1495,3,3
1270,3,3
1262,3,3
1818,3,3
1348,3,3
1627,3,3
1809,3,3
1636,3,3
1255,3,3
1819,3,3
1333,3,3
1550,3,3
1139,2,3
1059,2,3
989,2,3
1322,3,3
1718,3,3
1503,3,3
1602,3,3
1861,3,3
1533,3,3
1399,3,3
1896,3,3
1282,3,3
1572,3,3
1685,3,3
1631,3,3
1828,3,3
1656,3,3
1314,3,3
1434,3,3
1612,3,3
1325,3,3
1736,3,3
1596,3,3
1484,3,3
1822,3,3
1391,3,3
1680,3,3
1376,3,3
1418,3,3
1865,3,3
1504,3,3
1673,3,3
1651,3,3
1617,3,3
1681,3,3
1355,3,3
1688,3,3
1619,3,3
1324,3,3
1655,3,3
1526,3,3
1769,3,3
1531,3,3
1637,3,3
1439,3,3
1248,3,3
1494,3,3
1731,3,3
1792,3,3
1274,3,3
2056,4,3
1306,3,3
1566,3,3
1780,3,3
1710,3,3
1256,3,3
1567,3,3
1677,3,3
1592,3,3
1814,3,3
1493,3,3
1788,3,3
1750,3,3
1574,3,3
1259,3,3
1843,3,3
1377,3,3
1633,3,3
1740,3,3
1568,3,3
1647,3,3
1437,3,3
1689,3,3
1777,3,3
1716,3,3
1820,3,3
1906,3,3
1520,3,3
1810,3,3
947,2,3
1795,3,3
1395,3,3
1541,3,3
1528,3,3
1285,3,3
1847,3,3
1874,3,3
1571,3,3
1514,3,3
1486,3,3
1762,3,3
2362,4,3
2137,4,3
2328,4,3
1645,3,3
2701,4,3
1872,3,3
802,1,3
1371,3,3
1403,3,3
1438,3,3
1451,3,3
1744,3,3
1180,2,3
1384,3,3
1534,3,3
1166,2,3
1085,2,3
1335,3,3
1253,3,3
1606,3,3
1428,3,3
1885,3,3
1848,3,3
1595,3,3
1430,3,3
1894,3,3
1881,3,3
1509,3,3
1824,3,3
1217,2,3
1209,2,3
1218,2,3
1332,3,3
1675,3,3
1588,3,3
1745,3,3
1249,3,3
1358,3,3
1826,3,3
1672,3,3
1349,3,3
1499,3,3
1658,3,3
1805,3,3
1765,3,3
1587,3,3
1313,3,3
1702,3,3
1556,3,3
1398,3,3
1010,2,3
1061,2,3
1849,3,3
1621,3,3
990,2,3
1096,2,3
992,2,3
1523,3,3
1519,3,3
1490,3,3
1598,3,3
1580,3,3
1178,2,3
993,2,3
1003,2,3
1857,3,3
1569,3,3
2392,4,3
2682,4,3
793,1,3
1453,3,3
1433,3,3
1475,3,3
1176,2,3
1202,2,3
1153,2,3
1164,2,3
974,2,3
1016,2,3
1088,2,3
1090,2,3
1535,3,3
1808,3,3
1657,3,3
1423,3,3
1508,3,3
1839,3,3
1746,3,3
1435,3,3
1443,3,3
1860,3,3
1624,3,3
1334,3,3
1915,3,3
1323,3,3
1287,3,3
1883,3,3
1916,3,3
1473,3,3
1468,3,3
1615,3,3
1330,3,3
1386,3,3
1899,3,3
1300,3,3
1555,3,3
1695,3,3
1548,3,3
1914,3,3
1344,3,3
1599,3,3
1700,3,3
1275,3,3
959,2,3
1892,3,3
1440,3,3
1476,3,3
1784,3,3
1604,3,3
1342,3,3
1879,3,3
1402,3,3
1396,3,3
1771,3,3
1757,3,3
2641,4,3
1019,2,3
1062,2,3
1682,3,3
1789,3,3
1277,3,3
1846,3,3
1862,3,3
1554,3,3
1591,3,3
1250,3,3
1469,3,3
1869,3,3
1242,3,3
1774,3,3
1608,3,3
1590,3,3
1831,3,3
1206,2,3
1186,2,3
1491,3,3
1722,3,3
1629,3,3
1292,3,3
1266,3,3
1482,3,3
1364,3,3
1356,3,3
1337,3,3
1101,2,3
1886,3,3
1594,3,3
1529,3,3
2072,4,3
1351,3,3
1640,3,3
1709,3,3
1422,3,3
1821,3,3
1460,3,3
1729,3,3
1539,3,3
184,1,3
278,1,3
145,1,3
1416,3,3
829,1,3
2609,4,3
182,1,3
450,1,3
121,1,3
334,1,3
732,1,3
221,1,3
250,1,3
576,1,3
213,1,3
546,1,3
1573,3,3
1426,3,3
1907,3,3
1501,3,3
1576,3,3
1015,2,3
1051,2,3
1077,2,3
1050,2,3
1170,2,3
1145,2,3
1738,3,3
1547,3,3
1838,3,3
1407,3,3
1641,3,3
1705,3,3
1419,3,3
1409,3,3
1518,3,3
1854,3,3
1649,3,3
356,1,3
923,1,3
10,1,3
578,1,3
493,1,3
762,1,3
998,2,3
1866,3,3
2559,4,3
262,1,3
416,1,3
306,1,3
2457,4,3
1136,2,3
1642,3,3
1575,3,3
1853,3,3
1352,3,3
1321,3,3
1734,3,3
505,1,3
1070,2,3
2477,4,4
2236,4,4
2465,4,4
1954,4,4
2195,4,4
2659,4,4
2254,4,4
1946,4,4
2189,4,4
2172,4,4
1976,4,4
2245,4,4
2596,4,4
2493,4,4
2630,4,4
2454,4,4
2591,4,4
2377,4,4
2071,4,4
2002,4,4
2531,4,4
2495,4,4
2666,4,4
2027,4,4
2213,4,4
1987,4,4
2451,4,4
2267,4,4
2499,4,4
2684,4,4
2475,4,4
2491,4,4
2095,4,4
2091,4,4
2365,4,4
2082,4,4
2059,4,4
2663,4,4
2037,4,4
2345,4,4
2148,4,4
2005,4,4
2012,4,4
1981,4,4
2697,4,4
2011,4,4
2062,4,4
1963,4,4
1996,4,4
2590,4,4
2581,4,4
1952,4,4
1961,4,4
2607,4,4
2215,4,4
2257,4,4
2158,4,4
2108,4,4
2473,4,4
2481,4,4
2310,4,4
1983,4,4
2714,4,4
2031,4,4
2632,4,4
477,1,4
2615,4,4
2144,4,4
2067,4,4
2303,4,4
2406,4,4
2382,4,4
2221,4,4
2224,4,4
2088,4,4
2278,4,4
2296,4,4
2247,4,4
2043,4,4
2636,4,4
2401,4,4
2147,4,4
1990,4,4
1982,4,4
2188,4,4
2061,4,4
2432,4,4
2179,4,4
2182,4,4
2415,4,4
1960,4,4
2410,4,4
2669,4,4
2364,4,4
2436,4,4
2480,4,4
2145,4,4
2285,4,4
2069,4,4
2353,4,4
2100,4,4
2442,4,4
2412,4,4
2177,4,4
2264,4,4
1927,4,4
2157,4,4
2321,4,4
2574,4,4
2526,4,4
2206,4,4
2080,4,4
2186,4,4
2029,4,4
2033,4,4
332,1,4
2121,4,4
2679,4,4
2258,4,4
2698,4,4
2555,4,4
2371,4,4
2252,4,4
2307,4,4
2375,4,4
2115,4,4
2414,4,4
2656,4,4
915,1,4
2674,4,4
2384,4,4
2388,4,4
2346,4,4
2634,4,4
2349,4,4
2297,4,4
2047,4,4
2219,4,4
1939,4,4
2539,4,4
1997,4,4
2509,4,4
2405,4,4
2211,4,4
2381,4,4
2078,4,4
2552,4,4
2292,4,4
2133,4,4
2484,4,4
2081,4,4
2251,4,4
2000,4,4
2578,4,4
2404,4,4
2528,4,4
2192,4,4
2678,4,4
2358,4,4
2469,4,4
2378,4,4
1994,4,4
2352,4,4
2301,4,4
2207,4,4
2315,4,4
2716,4,4
2226,4,4
2534,4,4
2130,4,4
2030,4,4
2203,4,4
2204,4,4
741,1,4
2519,4,4
1953,4,4
2530,4,4
1980,4,4
2713,4,4
2006,4,4
2007,4,4
2502,4,4
2673,4,4
411,1,4
2400,4,4
2437,4,4
2193,4,4
2260,4,4
2629,4,4
564,1,4
608,1,4
862,1,4
927,1,4
2483,4,4
2129,4,4
1959,4,4
2142,4,4
2210,4,4
2367,4,4
1936,4,4
2347,4,4
2689,4,4
2504,4,4
2690,4,4
2026,4,4
2385,4,4
2103,4,4
2175,4,4
2110,4,4
2712,4,4
2570,4,4
2169,4,4
2200,4,4
2266,4,4
2685,4,4
2383,4,4
2640,4,4
1970,4,4
2518,4,4
2153,4,4
2445,4,4
2675,4,4
2013,4,4
2585,4,4
2627,4,4
1993,4,4
2311,4,4
2083,4,4
1995,4,4
2300,4,4
2173,4,4
2471,4,4
2556,4,4
2513,4,4
2326,4,4
2180,4,4
2084,4,4
2280,4,4
1973,4,4
2463,4,4
2441,4,4
2587,4,4
2492,4,4
1933,4,4
1956,4,4
2435,4,4
1945,4,4
2565,4,4
2086,4,4
2076,4,4
2023,4,4
2523,4,4
2098,4,4
2434,4,4
1942,4,4
2015,4,4
2152,4,4
467,1,4
2107,4,4
2391,4,4
2708,4,4
2695,4,4
2279,4,4
1964,4,4
2241,4,4
2604,4,4
2479,4,4
2407,4,4
2046,4,4
2201,4,4
2566,4,4
2039,4,4
2525,4,4
2413,4,4
2612,4,4
2618,4,4
2275,4,4
2222,4,4
2112,4,4
2361,4,4
2446,4,4
1924,4,4
2330,4,4
2176,4,4
2183,4,4
2543,4,4
2004,4,4
1935,4,4
2340,4,4
2001,4,4
2350,4,4
1934,4,4
2476,4,4
2135,4,4
2208,4,4
2090,4,4
2660,4,4
2440,4,4
2263,4,4
2433,4,4
2588,4,4
2228,4,4
2551,4,4
2613,4,4
2322,4,4
2234,4,4
2535,4,4
2580,4,4
2421,4,4
2429,4,4
2461,4,4
2359,4,4
2242,4,4
2447,4,4
2576,4,4
2075,4,4
2386,4,4
2093,4,4
2579,4,4
2589,4,4
1999,4,4
2489,4,4
2540,4,4
1972,4,4
2044,4,4
2299,4,4
2178,4,4
2077,4,4
2277,4,4
2223,4,4
2467,4,4
2036,4,4
2417,4,4
2486,4,4
2063,4,4
2073,4,4
2116,4,4
2122,4,4
1941,4,4
2282,4,4
2205,4,4
2623,4,4
2003,4,4
2516,4,4
2190,4,4
2143,4,4
2165,4,4
2637,4,4
2677,4,4
2333,4,4
2622,4,4
2592,4,4
2304,4,4
2554,4,4
2291,4,4
2715,4,4
2427,4,4
2248,4,4
2021,4,4
2533,4,4
2706,4,4
2338,4,4
2683,4,4
2505,4,4
2014,4,4
2187,4,4
2515,4,4
2111,4,4
2496,4,4
2354,4,4
2028,4,4
1988,4,4
2114,4,4
1951,4,4
2707,4,4
2051,4,4
2705,4,4
2181,4,4
2586,4,4
2692,4,4
2638,4,4
2308,4,4
2702,4,4
2611,4,4
2366,4,4
2408,4,4
2572,4,4
2529,4,4
2605,4,4
2681,4,4
2016,4,4
2617,4,4
2500,4,4
1984,4,4
1948,4,4
2290,4,4
2686,4,4
2693,4,4
2314,4,4
2040,4,4
2424,4,4
2066,4,4
2243,4,4
2150,4,4
2472,4,4
2397,4,4
2600,4,4
2608,4,4
1985,4,4
2235,4,4
2571,4,4
2521,4,4
2171,4,4
2155,4,4
2547,4,4
1938,4,4
2403,4,4
2449,4,4
2034,4,4
245,1,4
2041,4,4
2337,4,4
2320,4,4
2094,4,4
2270,4,4
2255,4,4
2055,4,4
2474,4,4
2281,4,4
2512,4,4
2399,4,4
1978,4,4
2549,4,4
2648,4,4
2058,4,4
2249,4,4
2276,4,4
2616,4,4
2619,4,4
2139,4,4
2244,4,4
2334,4,4
2642,4,4
2343,4,4
2101,4,4
2671,4,4
2658,4,4
2348,4,4
2691,4,4
2089,4,4
2087,4,4
2317,4,4
2462,4,4
2568,4,4
2132,4,4
2134,4,4
2149,4,4
2563,4,4
2057,4,4
2032,4,4
2284,4,4
2357,4,4
2038,4,4
2049,4,4
2312,4,4
2538,4,4
2426,4,4
1966,4,4
2138,4,4
2124,4,4
2374,4,4
2283,4,4
2306,4,4
2520,4,4
2331,4,4
2380,4,4
2339,4,4
2562,4,4
2696,4,4
2042,4,4
2209,4,4
1483,3,4
2096,4,4
2140,4,4
2390,4,4
2522,4,4
2335,4,4
2662,4,4
2225,4,4
2439,4,4
2460,4,4
2231,4,4
2498,4,4
2501,4,4
2104,4,4
2198,4,4
2068,4,4
2665,4,4
2256,4,4
1920,4,4
1957,4,4
2214,4,4
2313,4,4
1931,4,4
2045,4,4
2356,4,4
2458,4,4
2237,4,4
2199,4,4
2670,4,4
2704,4,4
1925,4,4
2635,4,4
2170,4,4
2048,4,4
2070,4,4
2649,4,4
2253,4,1
684,1,1
393,1,1
494,1,1
590,1,1
465,1,1
102,1,1
623,1,1
423,1,1
901,1,1
150,1,1
1106,2,1
504,1,1
408,1,1
819,1,1
822,1,1
648,1,1
849,1,1
252,1,1
709,1,1
228,1,1
435,1,1
95,1,1
402,1,1
2560,4,1
2602,4,1
2316,4,1
2064,4,1
2293,4,1
1932,4,1
169,1,1
212,1,1
775,1,1
880,1,1
480,1,1
754,1,1
781,1,1
646,1,1
690,1,1
452,1,1
786,1,1
787,1,1
236,1,1
224,1,1
545,1,1
251,1,1
748,1,1
396,1,1
737,1,1
178,1,1
807,1,1
188,1,1
502,1,1
259,1,1
429,1,1
32,1,1
113,1,1
279,1,1
318,1,1
759,1,1
876,1,1
724,1,1
160,1,1
375,1,1
641,1,1
668,1,1
551,1,1
870,1,1
611,1,1
749,1,1
330,1,1
688,1,1
358,1,1
836,1,1
406,1,1
871,1,1
919,1,1
392,1,1
615,1,1
760,1,1
303,1,1
413,1,1
761,1,1
415,1,1
12,1,1
806,1,1
471,1,1
470,1,1
436,1,1
568,1,1
256,1,1
702,1,1
814,1,1
521,1,1
391,1,1
2631,4,1
488,1,1
2298,4,1
474,1,1
194,1,1
127,1,1
276,1,1
598,1,1
774,1,1
271,1,1
929,1,1
220,1,1
703,1,1
287,1,1
719,1,1
481,1,1
506,1,1
583,1,1
548,1,1
289,1,1
865,1,1
55,1,1
837,1,1
838,1,1
606,1,1
193,1,1
316,1,1
366,1,1
269,1,1
768,1,1
681,1,1
143,1,1
462,1,1
458,1,1
20,1,1
642,1,1
638,1,1
167,1,1
229,1,1
813,1,1
9,1,1
931,1,1
443,1,1
346,1,1
662,1,1
23,1,1
33,1,1
601,1,1
581,1,1
610,1,1
136,1,1
166,1,1
566,1,1
173,1,1
376,1,1
98,1,1
30,1,1
82,1,1
440,1,1
386,1,1
165,1,1
296,1,1
679,1,1
64,1,1
116,1,1
183,1,1
778,1,1
772,1,1
317,1,1
492,1,1
773,1,1
2079,4,1
883,1,1
1436,3,1
707,1,1
5,1,1
636,1,1
682,1,1
322,1,1
122,1,1
643,1,1
823,1,1
134,1,1
399,1,1
301,1,1
192,1,1
157,1,1
770,1,1
225,1,1
896,1,1
586,1,1
104,1,1
16,1,1
39,1,1
18,1,1
675,1,1
663,1,1
35,1,1
92,1,1
910,1,1
708,1,1
89,1,1
817,1,1
653,1,1
94,1,1
37,1,1
791,1,1
201,1,1
1905,3,1
507,1,1
1975,4,1
1992,4,1
2022,4,1
881,1,1
579,1,1
798,1,1
747,1,1
417,1,1
671,1,1
640,1,1
69,1,1
240,1,1
246,1,1
893,1,1
738,1,1
257,1,1
886,1,1
268,1,1
437,1,1
621,1,1
439,1,1
613,1,1
744,1,1
444,1,1
7,1,1
873,1,1
327,1,1
666,1,1
21,1,1
805,1,1
589,1,1
756,1,1
565,1,1
497,1,1
540,1,1
820,1,1
664,1,1
142,1,1
172,1,1
128,1,1
727,1,1
362,1,1
103,1,1
456,1,1
338,1,1
532,1,1
333,1,1
752,1,1
326,1,1
260,1,1
728,1,1
210,1,1
917,1,1
222,1,1
448,1,1
60,1,1
109,1,1
54,1,1
365,1,1
24,1,1
62,1,1
882,1,1
141,1,1
162,1,1
672,1,1
859,1,1
563,1,1
918,1,1
861,1,1
2710,4,1
132,1,1
2557,4,1
2699,4,1
753,1,1
596,1,1
527,1,1
398,1,1
112,1,1
696,1,1
857,1,1
826,1,1
860,1,1
137,1,1
723,1,1
537,1,1
80,1,1
118,1,1
916,1,1
624,1,1
616,1,1
72,1,1
2438,4,1
2532,4,1
354,1,1
283,1,1
592,1,1
445,1,1
868,1,1
573,1,1
580,1,1
652,1,1
483,1,1
818,1,1
725,1,1
120,1,1
518,1,1
595,1,1
685,1,1
447,1,1
604,1,1
895,1,1
575,1,1
665,1,1
123,1,1
13,1,1
58,1,1
594,1,1
305,1,1
711,1,1
877,1,1
743,1,1
500,1,1
405,1,1
28,1,1
325,1,1
75,1,1
698,1,1
801,1,1
11,1,1
17,1,1
928,1,1
45,1,1
875,1,1
466,1,1
533,1,1
186,1,1
879,1,1
904,1,1
969,2,1
972,2,1
957,2,1
1011,2,1
960,2,1
970,2,1
1169,2,1
1163,2,1
966,2,1
1134,2,1
1042,2,1
2488,4,1
290,1,1
324,1,1
785,1,1
264,1,1
56,1,1
223,1,1
280,1,1
71,1,1
57,1,1
647,1,1
111,1,1
831,1,1
190,1,1
509,1,1
783,1,1
797,1,1
932,1,1
235,1,1
124,1,1
746,1,1
77,1,1
844,1,1
274,1,1
701,1,1
207,1,1
651,1,1
925,1,1
874,1,1
815,1,1
239,1,1
355,1,1
209,1,1
321,1,1
300,1,1
147,1,1
253,1,1
175,1,1
911,1,1
599,1,1
130,1,1
637,1,1
691,1,1
347,1,1
106,1,1
830,1,1
27,1,1
14,1,1
740,1,1
557,1,1
155,1,1
1271,3,1
388,1,1
704,1,1
670,1,1
614,1,1
498,1,1
428,1,1
824,1,1
352,1,1
603,1,1
751,1,1
864,1,1
558,1,1
282,1,1
434,1,1
872,1,1
514,1,1
639,1,1
800,1,1
344,1,1
555,1,1
455,1,1
81,1,1
153,1,1
549,1,1
197,1,1
115,1,1
789,1,1
1998,4,1
930,1,1
567,1,1
247,1,1
199,1,1
328,1,1
766,1,1
59,1,1
755,1,1
227,1,1
312,1,1
553,1,1
490,1,1
200,1,1
42,1,1
291,1,1
650,1,1
894,1,1
750,1,1
656,1,1
735,1,1
922,1,1
921,1,1
799,1,1
294,1,1
758,1,1
535,1,1
156,1,1
884,1,1
41,1,1
217,1,1
649,1,1
858,1,1
531,1,1
495,1,1
410,1,1
360,1,1
2418,4,1
2363,4,1
442,1,1
808,1,1
311,1,1
114,1,1
464,1,1
620,1,1
827,1,1
138,1,1
530,1,1
381,1,1
241,1,1
765,1,1
19,1,1
414,1,1
105,1,1
788,1,1
309,1,1
846,1,1
913,1,1
660,1,1
174,1,1
584,1,1
771,1,1
369,1,1
739,1,1
729,1,1
782,1,1
185,1,1
65,1,1
461,1,1
86,1,1
88,1,1
885,1,1
206,1,1
468,1,1
93,1,1
676,1,1
717,1,1
821,1,1
742,1,1
50,1,1
631,1,1
255,1,1
674,1,1
418,1,1
248,1,1
364,1,1
107,1,1
401,1,1
119,1,1
385,1,1
510,1,1
374,1,1
275,1,1
96,1,1
570,1,1
673,1,1
2668,4,1
2113,4,1
2218,4,1
254,1,1
855,1,1
367,1,1
503,1,1
891,1,1
710,1,1
454,1,1
63,1,1
705,1,1
683,1,1
144,1,1
522,1,1
491,1,1
295,1,1
202,1,1
588,1,1
258,1,1
230,1,1
382,1,1
139,1,1
734,1,1
571,1,1
395,1,1
550,1,1
593,1,1
215,1,1
384,1,1
238,1,1
995,2,1
232,1,1
2537,4,1
633,1,1
909,1,1
478,1,1
654,1,1
816,1,1
126,1,1
403,1,1
605,1,1
627,1,1
234,1,1
431,1,1
485,1,1
607,1,1
404,1,1
538,1,1
689,1,1
304,1,1
90,1,1
733,1,1
125,1,1
177,1,1
736,1,1
52,1,1
878,1,1
635,1,1
170,1,1
716,1,1
361,1,1
363,1,1
585,1,1
68,1,1
525,1,1
487,1,1
902,1,1
833,1,1
159,1,1
441,1,1
73,1,1
536,1,1
67,1,1
619,1,1
854,1,1
843,1,1
659,1,1
906,1,1
40,1,1
233,1,1
377,1,1
4,1,1
763,1,1
152,1,1
198,1,1
171,1,1
712,1,1
263,1,1
453,1,1
101,1,1
543,1,1
226,1,1
135,1,1
315,1,1
899,1,1
412,1,1
777,1,1
66,1,1
856,1,1
379,1,1
211,1,1
216,1,1
780,1,1
353,1,1
695,1,1
2025,4,1
331,1,1
131,1,1
8,1,1
722,1,1
426,1,1
809,1,1
508,1,1
310,1,1
479,1,1
661,1,1
146,1,1
47,1,1
424,1,1
349,1,1
299,1,1
158,1,1
463,1,1
350,1,1
34,1,1
277,1,1
451,1,1
31,1,1
853,1,1
866,1,1
693,1,1
694,1,1
117,1,1
597,1,1
622,1,1
231,1,1
523,1,1
371,1,1
625,1,1
496,1,1
266,1,1
38,1,1
912,1,1
835,1,1
292,1,1
314,1,1
513,1,1
79,1,1
562,1,1
520,1,1
265,1,1
446,1,1
288,1,1
83,1,1
667,1,1
834,1,1
850,1,1
394,1,1
44,1,1
469,1,1
714,1,1
284,1,1
421,1,1
612,1,1
87,1,1
863,1,1
618,1,1
48,1,1
85,1,1
655,1,1
706,1,1
867,1,1
343,1,1
730,1,1
541,1,1
249,1,1
499,1,1
425,1,1
845,1,1
164,1,1
387,1,1
841,1,1
76,1,1
397,1,1
482,1,1
339,1,1
302,1,1
718,1,1
163,1,1
526,1,1
29,1,1
700,1,1
286,1,1
298,1,1
515,1,1
811,1,1
720,1,1
699,1,1
577,1,1
323,1,1
273,1,1
933,1,1
792,1,1
692,1,1
731,1,1
372,1,1
574,1,1
840,1,1
528,1,1
869,1,1
795,1,1
78,1,1
511,1,1
208,1,1
313,1,1
2097,4,1
99,1,1
890,1,1
308,1,1
22,1,1
784,1,1
892,1,1
370,1,1
779,1,1
475,1,1
383,1,1
151,1,1
242,1,1
908,1,1
244,1,1
847,1,1
529,1,1
547,1,1
852,1,1
897,1,1
419,1,1
697,1,1
848,1,1
617,1,1
889,1,1
524,1,1
2428,4,1
2127,4,1
438,1,1
409,1,1
2,1,1
357,1,1
53,1,1
195,1,1
341,1,1
559,1,1
534,1,1
591,1,1
680,1,1
389,1,1
687,1,1
133,1,1
297,1,1
556,1,1
669,1,1
420,1,1
903,1,1
70,1,1
764,1,1
74,1,1
459,1,1
832,1,1
644,1,1
924,1,1
26,1,1
422,1,1
713,1,1
810,1,1
110,1,1
582,1,1
542,1,1
516,1,1
49,1,1
430,1,1
519,1,1
645,1,1
851,1,1
61,1,1
293,1,1
219,1,1
839,1,1
51,1,1
489,1,1
457,1,1
501,1,1
572,1,1
307,1,1
686,1,1
600,1,1
476,1,1
449,1,1
342,1,1
189,1,1
790,1,1
658,1,1
214,1,1
796,1,1
1,1,1
191,1,1
888,1,1
907,1,1
721,1,1
427,1,1
337,1,1
2163,4,1
905,1,1
329,1,1
629,1,1
769,1,1
898,1,1
272,1,1
812,1,1
407,1,1
154,1,1
678,1,1
129,1,1
237,1,1
828,1,1
887,1,1
340,1,1
285,1,1
473,1,1
472,1,1
794,1,1
390,1,1
804,1,1
626,1,1
179,1,1
380,1,1
218,1,1
560,1,1
359,1,1
634,1,1
148,1,1
517,1,1
677,1,1
348,1,1
46,1,1
351,1,1
587,1,1
261,1,1
3,1,1
715,1,1
368,1,1
196,1,1
319,1,1
181,1,1
336,1,1
203,1,1
609,1,1
84,1,1
632,1,1
320,1,1
539,1,1
767,1,1
149,1,1
569,1,1
512,1,1
552,1,1
108,1,1
180,1,1
433,1,1
776,1,1
657,1,1
432,1,1
373,1,1
36,1,1
281,1,1
561,1,1
168,1,1
726,1,1
161,1,1
803,1,1
267,1,1
842,1,1
920,1,1
176,1,1
345,1,1
602,1,1
25,1,1
914,1,1
91,1,1
460,1,1
757,1,1
486,1,1
554,1,1
6,1,1
378,1,1
544,1,1
140,1,1
97,1,1
900,1,1
15,1,1
