id,label,predict
642,4,4
1064,4,4
1248,3,4
2656,3,4
1334,4,4
2252,3,4
1155,3,4
257,4,4
677,3,4
80,4,4
757,4,4
1821,4,4
2116,4,4
338,4,4
2122,3,4
2139,4,4
575,4,4
1591,3,4
133,4,4
193,4,4
456,4,4
15,3,4
1463,4,4
2187,4,4
986,4,4
2022,4,4
2675,4,4
681,4,4
2712,4,4
2429,3,4
1639,3,4
295,3,4
810,3,4
2099,3,4
172,3,4
485,3,4
2183,3,4
484,3,4
611,4,4
2439,3,4
766,3,4
271,3,4
497,4,4
2586,4,4
1247,4,4
24,4,4
1735,4,4
2511,4,4
1776,4,4
2502,4,4
2275,4,4
915,4,4
2530,4,4
46,4,4
1854,4,4
755,4,4
2143,4,4
819,4,4
1303,4,4
927,4,4
1345,4,4
5,4,4
1255,4,4
638,4,4
2587,4,4
2023,4,4
383,4,4
567,4,4
2647,13,4
553,13,4
502,4,4
1957,4,4
1058,4,4
914,4,4
74,4,4
937,4,4
222,1,4
1355,4,4
128,4,4
1076,4,4
557,4,4
2366,4,4
421,3,4
1100,4,4
1549,4,4
2005,4,4
1481,4,4
1342,4,4
1604,4,4
556,4,4
2648,4,4
1795,4,4
1101,4,4
2077,4,4
586,4,4
1011,4,4
2418,4,4
737,4,4
1562,4,4
2563,4,4
99,4,4
1491,4,4
1758,4,4
2435,4,4
1830,4,4
1103,4,4
1955,4,4
569,4,4
758,4,4
596,4,4
547,4,4
2042,4,4
783,4,4
443,4,4
2446,4,4
1258,4,4
2693,4,4
2393,4,4
2715,4,4
1226,4,4
370,4,4
380,4,4
2620,4,4
146,4,4
2702,4,4
730,4,4
279,4,4
281,4,4
1970,4,4
118,3,4
736,4,4
2109,4,4
339,4,4
1766,4,4
1608,4,4
2541,4,4
2494,4,4
2011,4,4
1764,4,4
1187,4,4
1556,4,4
107,4,4
2090,4,4
2016,4,4
226,9,4
1401,3,4
273,4,4
2610,4,4
1621,3,4
2728,3,4
1923,3,4
532,3,4
903,3,4
1930,4,4
1638,4,4
2666,4,4
518,4,4
675,4,4
2697,3,4
752,4,4
689,4,4
2068,4,4
551,4,4
2080,4,4
2476,4,4
1083,4,4
2585,4,4
2266,4,4
1824,4,4
1816,4,4
583,4,4
394,4,4
2047,3,4
1494,4,4
880,4,4
1270,4,4
946,4,4
517,4,4
268,4,4
1751,4,4
1470,4,4
2680,4,4
1929,4,4
598,4,4
764,4,4
1800,4,4
595,4,4
1217,4,4
2056,4,4
231,3,4
658,3,4
632,3,4
356,4,4
975,3,4
230,3,4
2347,3,4
1576,4,4
2507,3,4
654,3,4
1630,3,9
358,1,9
2308,1,9
800,9,9
82,9,9
347,9,9
464,9,9
1360,9,9
423,9,9
2228,9,9
191,9,9
313,9,9
622,10,9
842,9,9
2414,9,9
375,9,9
56,9,9
1041,9,9
988,9,9
61,9,9
161,9,9
364,9,9
1254,9,9
895,9,9
897,9,9
2632,9,9
1057,9,9
616,9,9
2670,9,9
794,9,9
235,9,9
1381,9,9
1206,9,9
2434,9,9
1123,9,9
90,9,9
2667,9,9
2659,9,9
473,9,9
1338,9,9
1053,9,9
1596,9,9
2191,9,9
2192,9,9
1175,9,9
2380,9,9
215,9,9
1197,9,9
472,9,9
981,9,9
1017,9,9
2172,9,9
562,9,9
2331,9,9
1290,9,9
131,9,9
1657,9,9
1719,9,9
571,9,9
1383,9,9
457,9,9
1333,9,9
1081,9,9
2367,9,9
1339,9,9
1159,9,9
2197,9,9
1785,9,9
1486,9,4
519,3,4
207,4,4
2660,4,4
918,4,4
331,4,4
972,4,4
280,4,4
1095,4,4
65,9,4
1170,4,4
592,4,4
1314,4,4
2152,4,4
2384,4,4
2678,4,4
2102,4,4
1544,4,4
2404,4,4
1301,4,4
2271,4,4
366,4,4
1193,4,4
367,4,4
1815,4,4
2141,4,4
2226,4,4
304,4,4
1707,4,4
2165,4,4
2377,4,4
703,4,4
2441,4,4
2692,4,4
1027,4,4
262,4,4
451,4,4
373,4,4
1061,4,4
2292,4,4
1400,4,4
1633,4,4
2348,4,4
1393,4,4
2406,4,4
474,12,4
1457,4,4
2012,4,4
2520,4,4
294,4,4
2488,4,4
2070,4,4
666,4,4
1518,4,4
2156,4,4
340,9,4
1699,4,4
2492,4,4
2703,4,4
2098,4,4
387,9,4
787,4,4
77,4,4
680,4,4
1820,4,4
2055,4,4
342,9,4
778,9,4
811,4,4
1054,4,4
125,9,4
2221,4,4
2481,4,4
438,4,4
1497,4,4
2130,9,4
695,4,4
1090,4,4
1919,4,4
1921,4,4
1343,4,4
88,4,4
488,9,4
1577,4,4
2151,4,4
1195,4,4
362,4,3
1578,4,3
773,3,3
2220,4,3
2006,3,3
1332,3,3
2265,3,3
1843,3,3
526,6,3
1887,3,3
2546,4,3
607,3,3
1412,3,3
1428,3,3
1697,3,3
2519,3,3
8,3,3
2094,3,3
2118,3,3
790,3,3
43,4,3
2360,3,3
106,3,3
1443,3,3
887,3,3
1229,3,3
1239,3,3
1251,3,3
835,3,3
296,3,3
333,3,3
1392,2,3
85,1,3
278,3,3
750,3,3
103,3,3
613,3,3
1263,3,3
1617,3,3
577,3,3
1405,3,3
248,3,3
2169,3,3
1104,3,3
2171,3,3
19,3,3
1281,3,3
1943,3,3
260,3,3
2087,3,3
2075,3,3
951,3,3
785,3,3
1564,3,3
1853,3,3
344,3,3
678,3,3
1213,3,3
2010,3,3
933,3,3
2030,3,3
1048,3,3
1599,3,3
2600,3,3
17,3,3
2298,3,3
1771,3,3
2625,3,3
2553,3,3
2328,3,3
1563,3,3
274,3,3
1695,7,3
1065,3,3
881,3,3
2631,3,3
108,3,3
136,3,3
2289,3,3
229,3,3
1077,3,3
1056,7,3
1138,3,3
426,3,3
2157,8,3
1982,6,3
1967,6,3
2713,6,3
1353,3,3
2038,3,3
1634,3,3
386,6,3
978,3,3
300,4,3
372,3,3
320,3,3
1352,6,3
1257,6,3
754,6,3
1219,3,3
899,6,3
900,6,3
92,3,3
1797,3,3
594,6,3
1324,6,3
2113,6,3
2059,4,3
2547,6,3
452,3,3
381,3,3
2501,3,3
2236,3,3
1467,3,3
2395,15,3
13,3,3
1557,10,3
1404,6,3
434,10,3
341,10,3
2211,10,3
901,10,3
506,3,3
498,4,3
507,3,3
1321,3,3
2224,3,3
2196,3,3
1773,3,3
775,3,3
1450,10,3
1645,10,3
2512,4,3
2086,4,3
1198,4,3
144,3,3
2257,6,3
1174,6,3
2741,6,3
414,6,3
649,3,3
332,6,3
2529,6,3
1040,6,3
1316,4,3
2573,3,3
1779,3,3
1297,3,3
1626,4,3
1515,3,3
1455,3,4
894,4,4
2444,3,4
1655,3,4
2256,3,4
2495,4,4
1857,6,4
1885,3,4
301,4,4
2489,6,4
930,6,4
861,6,4
521,6,4
1888,6,4
1875,6,4
1485,6,4
34,4,4
1749,3,4
2048,4,4
2544,4,4
1522,4,4
1435,4,4
1872,3,4
1464,6,4
1426,6,4
32,6,4
66,4,4
740,6,4
906,4,4
1996,4,4
1653,4,4
1523,4,4
1741,4,4
1762,4,4
2136,4,4
2319,6,4
728,6,4
1984,6,4
1528,6,4
1473,6,4
860,6,4
931,6,4
2206,4,4
2067,6,4
1851,4,4
614,4,4
2029,4,4
1628,6,4
1629,6,4
2054,6,4
2194,3,4
1886,3,4
374,4,4
1874,3,4
536,4,4
2201,6,4
1936,4,4
537,4,4
1200,4,4
2125,4,4
2138,4,4
1163,3,4
1989,3,3
1293,3,3
630,3,3
2385,3,3
408,3,3
167,3,3
1892,3,3
1977,3,3
2150,6,3
2504,3,3
1548,3,3
1436,3,3
2017,3,3
189,3,3
2322,3,3
2033,3,3
2363,3,3
2618,3,3
2079,3,3
1493,3,3
1845,3,3
777,3,3
893,3,3
2506,3,3
626,3,3
568,3,3
843,3,3
1009,3,3
1286,3,3
733,3,3
2101,3,3
767,3,3
976,3,3
2120,3,3
627,11,3
1538,3,3
2277,3,3
744,3,3
1716,3,3
1354,3,3
2180,3,3
436,3,3
2330,3,3
2073,3,3
876,3,3
1995,3,3
1733,3,3
2296,3,3
2057,3,3
2184,3,3
788,3,3
2690,3,3
1413,3,3
1643,3,3
1605,3,3
1928,3,3
350,13,3
2232,3,3
920,3,3
838,3,3
882,3,3
796,3,3
2248,3,3
725,3,3
376,3,3
655,3,3
776,3,3
1650,3,3
769,3,3
708,3,6
404,6,6
1839,6,6
2584,6,6
2410,10,6
1536,3,6
1860,3,6
947,3,6
2691,3,6
2731,3,6
1777,3,6
1891,6,6
2746,6,6
1312,6,6
667,3,6
1976,6,6
449,3,6
1075,10,6
2424,3,6
1462,3,6
770,3,6
1569,3,6
2638,6,6
525,3,6
37,3,6
1475,3,6
505,10,6
482,6,6
2368,6,6
852,6,6
2699,6,6
1114,2,6
2193,10,6
2066,6,6
2178,6,6
2582,6,6
1903,6,6
2730,6,6
2709,4,3
1889,3,3
797,12,3
729,3,3
2595,3,3
1963,3,3
1962,3,3
1323,3,3
546,3,3
529,3,3
2714,3,3
2149,3,3
1637,3,3
2683,3,3
1632,3,3
2340,3,3
1559,3,3
923,3,3
259,3,3
926,3,3
606,3,3
114,3,3
2286,10,3
2421,3,3
1240,3,3
45,3,3
1747,3,3
2569,3,3
1601,3,3
1912,3,3
527,3,3
1949,3,3
2490,3,3
782,3,3
2089,3,3
531,3,3
1799,3,3
850,3,3
2533,3,3
2399,3,3
964,3,3
1960,3,3
1469,3,3
1335,3,3
1513,3,3
1018,3,3
2064,3,3
1685,3,3
2345,3,3
2480,10,3
874,3,3
1238,3,3
1484,3,10
1880,6,10
584,10,10
747,7,10
760,10,10
2173,10,10
446,10,10
2288,10,10
98,10,10
2245,10,10
959,10,10
418,10,10
1063,10,10
674,10,10
550,10,10
1517,10,10
599,10,10
793,10,10
1920,10,10
2093,10,10
2732,6,10
2619,10,10
2542,10,10
1547,10,10
377,10,10
802,10,10
1378,10,10
306,10,10
157,10,10
1590,10,10
1265,10,10
799,10,10
1165,10,10
2083,10,10
2534,10,10
2651,10,10
2744,10,10
656,10,10
2168,10,10
388,10,10
1349,10,10
2419,10,10
1417,10,10
724,10,10
720,10,10
1952,10,10
1519,10,10
188,10,10
2467,6,3
365,6,3
1904,3,3
1521,3,3
530,3,3
2527,6,3
2740,6,3
67,6,3
1466,6,3
1533,3,3
1900,3,3
1905,3,3
830,6,3
1329,3,3
2301,3,3
1139,3,3
949,3,3
2545,3,3
2717,3,3
1858,3,3
1971,3,3
1465,15,3
142,6,3
661,6,3
1763,3,3
1407,3,3
440,3,3
2164,3,3
26,3,3
62,6,3
481,3,3
2078,6,3
22,4,3
305,6,3
1146,3,3
492,3,3
2528,3,3
2577,3,3
411,3,3
1859,3,3
2063,3,3
1397,3,3
284,6,3
2148,3,3
2570,3,3
2203,3,3
232,3,3
593,3,3
499,3,3
1614,3,3
1807,6,3
1987,6,3
489,6,3
292,6,3
1734,6,3
1656,6,3
397,3,3
2465,6,3
738,6,3
1941,6,3
36,6,3
355,6,3
1019,6,3
1647,3,3
934,6,3
1295,6,3
2000,4,3
1767,6,3
459,6,3
513,6,6
2456,6,6
1012,6,6
2175,6,6
2216,6,6
2433,6,6
1423,4,6
1511,6,6
1832,6,6
2365,6,6
155,6,6
734,6,6
151,6,6
134,6,6
1350,6,6
841,6,6
2302,4,6
1154,6,6
2389,6,6
390,6,6
1125,6,6
1356,6,6
1145,6,6
533,6,6
1074,6,6
697,6,6
1623,6,6
1358,4,6
270,4,6
1359,15,6
1509,6,6
143,6,6
948,6,6
2074,6,6
249,6,6
1112,6,6
686,6,6
437,4,6
476,6,6
479,6,6
1111,6,6
2209,6,6
1185,6,6
185,6,6
81,6,6
127,6,6
872,3,6
932,6,6
1992,6,6
140,6,6
2258,6,6
1972,3,6
1622,6,6
413,6,6
1346,6,6
1055,6,6
483,6,15
218,6,15
2159,15,15
2132,6,15
379,10,15
1149,15,15
601,15,15
2359,15,15
2381,3,15
2091,3,15
123,6,15
2578,3,15
1384,6,15
84,6,15
1746,6,15
2442,3,15
2119,3,15
1825,3,15
2234,3,15
1244,2,15
1306,2,15
2326,12,15
2362,15,15
2643,15,15
637,15,15
1364,15,15
1641,8,15
2349,3,15
2229,15,15
477,15,15
2398,15,15
1691,15,15
2392,6,15
1748,6,15
1331,15,15
863,15,15
2182,6,6
2163,4,6
1603,6,6
211,6,6
1367,15,6
2627,6,6
2325,6,6
2231,6,6
1377,6,6
921,6,6
1374,6,6
1371,6,6
206,6,6
1144,6,6
1373,6,6
466,6,6
59,6,6
608,6,6
1261,6,6
1781,3,6
2126,3,6
1792,6,6
480,6,6
2387,3,6
909,6,6
2225,4,6
87,6,6
977,6,6
2431,6,6
1738,6,6
2701,6,6
2158,6,6
579,6,6
600,6,6
2307,6,6
1008,4,6
264,4,6
1424,6,6
898,6,6
261,6,6
224,6,6
1158,6,6
691,6,6
287,6,6
1156,6,6
588,6,6
18,6,6
609,6,6
89,6,6
1177,6,6
2324,6,6
2463,6,6
326,6,6
1379,6,4
132,4,4
1268,6,4
1010,4,4
836,4,4
1124,4,4
1369,4,4
2707,4,4
10,4,4
913,6,4
905,6,4
1147,4,4
2305,3,4
1173,4,4
1869,10,4
1366,4,4
1828,6,4
2718,10,4
2671,6,4
113,6,4
1196,6,4
424,4,4
2185,4,4
1579,6,4
2466,6,4
2261,6,4
1039,3,4
2100,3,4
1459,3,4
2133,3,4
683,3,4
1711,6,4
1032,4,4
2621,4,4
2655,15,4
1677,6,4
441,6,4
2457,6,4
2609,6,4
837,4,4
417,4,4
1180,6,4
833,4,4
989,6,4
916,4,4
2072,10,4
55,4,4
768,4,4
266,4,4
1059,13,4
467,6,4
135,4,2
1804,1,2
243,2,2
2557,2,2
621,2,2
2432,1,2
2039,2,2
2002,2,2
9,2,2
2509,2,2
2499,2,2
425,2,2
1752,4,2
1328,2,2
1881,2,2
1878,2,2
2468,2,2
2688,6,2
2342,1,2
1357,2,2
2628,14,2
2646,14,2
2516,4,2
27,13,2
711,13,2
1607,15,2
2374,15,2
192,6,2
1501,6,2
2654,6,2
462,4,2
2562,13,2
2131,3,2
2371,8,2
789,8,2
42,14,2
1698,15,2
1784,15,2
2662,6,2
1420,6,2
994,4,2
256,3,2
806,3,2
415,8,2
623,13,2
2290,8,2
968,8,2
1997,14,2
1775,14,2
1844,15,2
2108,8,2
2743,8,2
402,8,2
50,8,2
1560,8,2
2035,8,2
603,8,2
1846,4,2
348,4,2
104,4,7
399,7,7
1186,7,7
582,7,7
2251,7,7
917,7,7
1472,7,7
2082,7,7
237,7,7
1625,7,7
1791,7,7
953,7,7
1935,7,7
160,7,7
1798,7,7
2599,7,7
1584,7,7
2611,7,7
1613,7,7
928,7,7
2695,7,7
1865,7,7
54,7,7
153,7,7
831,7,7
1419,7,7
1285,7,7
1447,7,7
398,7,7
2239,7,7
2460,7,7
847,7,7
378,7,7
615,7,7
1654,1,7
2677,8,7
2212,7,7
116,7,7
1730,7,7
2624,7,7
815,7,7
1427,7,7
1252,7,7
2634,7,7
1043,7,7
756,7,7
2498,7,7
1164,7,7
633,7,7
1460,7,7
1951,7,7
871,7,7
1495,7,7
1793,7,7
1066,7,7
2052,7,7
648,7,7
6,7,7
2447,7,7
2720,7,7
2008,7,7
1593,7,7
1416,7,7
1060,7,7
239,7,7
1570,7,7
1084,7,7
2060,7,7
2243,7,7
870,7,7
1809,7,7
2615,7,7
2383,7,7
432,7,7
943,7,7
2566,7,7
471,16,7
1506,2,7
1842,16,7
1300,7,7
3,16,7
2190,14,7
692,16,7
552,7,7
1215,7,7
2297,7,7
1848,16,7
716,7,7
360,16,7
827,16,7
1502,7,7
971,7,7
1490,7,7
2403,7,7
1924,7,7
869,7,7
2235,7,7
2422,7,7
166,16,7
1376,7,7
2344,7,7
31,7,7
1644,7,7
2121,7,7
2517,7,7
168,7,7
236,7,7
801,7,7
2372,7,7
328,7,7
2461,16,7
1260,7,7
962,7,7
223,7,7
288,7,7
2416,7,7
2721,7,7
2576,7,7
2247,7,7
745,7,7
1276,7,7
2531,7,7
1073,7,7
803,7,7
225,7,7
541,7,7
1071,7,7
2205,7,7
1130,7,7
2369,7,7
1862,7,7
1454,7,7
2316,7,7
1311,7,7
2357,7,7
748,7,7
2013,7,7
1948,7,7
68,16,7
1527,10,7
1444,7,8
722,7,8
2556,2,8
2189,15,8
382,15,8
1277,8,8
954,8,8
822,8,8
853,14,8
2071,8,8
2285,8,8
713,14,8
2095,8,8
468,8,8
2166,8,8
2525,8,8
2663,8,8
1313,8,8
935,8,8
1179,8,8
180,8,8
699,8,8
1581,8,8
1496,8,8
1458,8,8
1253,8,8
1909,8,8
2218,8,8
1679,8,8
2167,8,8
2246,8,8
2440,8,8
1580,8,8
1022,8,8
240,8,8
289,8,8
1272,8,8
912,8,8
2592,8,8
1911,8,8
2428,8,8
902,8,8
1230,2,8
2270,7,8
2154,15,8
137,10,8
164,14,8
982,14,8
1292,8,8
2204,13,8
345,12,8
1298,8,8
2478,8,8
1126,8,8
200,8,8
883,8,8
727,8,8
2335,8,8
548,8,8
1876,8,8
1914,8,8
1337,8,8
540,14,8
1882,14,8
2104,14,8
1396,14,8
310,14,8
171,14,8
2321,14,8
1072,14,8
433,14,8
2317,14,8
1347,14,8
1850,14,8
2195,14,8
672,14,8
2415,14,8
854,14,8
2242,16,8
1291,14,8
1852,14,8
2388,14,8
1652,14,8
2140,8,8
1893,14,8
2084,15,8
1115,8,8
175,8,8
1135,8,8
1665,8,8
1877,8,8
319,14,8
1410,8,8
1002,8,8
1000,8,8
349,8,8
545,8,8
4,8,8
1863,8,8
2304,8,8
1453,8,8
1897,8,8
1325,8,8
500,8,12
1099,2,12
1740,13,12
602,13,12
884,13,12
460,12,12
990,12,12
2176,12,12
2198,12,12
156,12,12
1429,12,12
169,12,12
987,12,12
115,13,12
715,13,12
312,13,12
1662,13,12
76,13,12
1182,13,12
1535,13,12
821,13,12
665,12,12
2443,13,12
834,13,12
1446,13,12
1062,13,12
1380,13,12
28,13,12
808,13,12
1037,13,12
936,11,12
1823,13,12
190,13,12
63,12,12
53,12,12
321,12,12
1545,12,12
337,12,12
2650,12,12
564,12,12
217,12,12
2661,13,12
1487,12,12
2315,12,12
1477,12,12
1806,12,12
1507,3,12
2200,13,12
2310,12,12
1194,12,12
2142,12,12
1214,12,12
1726,12,12
2272,12,12
1958,12,12
1327,12,12
427,12,12
1150,12,12
2061,13,12
875,12,12
2735,12,12
1918,13,12
1304,13,12
2076,13,12
1288,13,11
1668,7,11
805,11,11
1233,11,11
2269,11,11
2174,11,11
2448,11,11
2449,11,11
2451,11,11
1916,11,11
1589,11,11
112,11,11
2437,11,11
2069,11,11
2473,11,11
2186,11,11
334,11,11
2085,13,11
753,13,11
862,13,11
1722,13,11
889,11,11
742,11,11
2505,11,11
650,11,11
1167,11,11
1348,11,11
1105,11,11
1712,11,11
228,11,11
1674,11,11
1525,11,11
1249,11,11
1250,11,11
1942,11,11
2668,11,11
2014,11,11
1169,11,11
605,11,11
2217,11,11
1861,11,11
610,11,11
1555,11,11
1964,11,11
2723,11,11
250,11,5
2537,5,5
1023,5,5
2313,5,5
47,5,5
1672,1,5
293,5,5
1582,5,5
2726,5,5
1827,5,5
48,5,5
2455,5,5
1142,5,5
412,5,5
2051,5,5
406,5,5
1406,5,5
544,5,5
824,5,5
2341,5,5
2019,5,5
1271,5,5
2274,5,5
2128,5,5
385,5,5
1567,5,5
41,5,5
825,5,5
1318,2,5
625,2,5
1552,2,5
416,1,5
508,2,5
1899,2,5
1212,1,5
1817,2,5
2353,2,5
1234,2,5
2144,2,5
1456,2,5
1583,2,5
731,2,5
1646,2,5
2551,2,5
1968,2,5
1727,2,5
33,2,5
1317,2,5
120,2,5
1736,2,5
2622,2,5
1007,2,5
2339,2,5
2284,2,5
7,2,5
2561,1,5
1998,2,5
2106,16,5
2552,5,5
69,14,5
1610,6,5
2705,4,5
1315,5,5
1615,5,5
2343,2,5
2346,5,5
2652,5,5
1148,5,5
371,5,5
516,5,5
559,5,5
817,5,5
1386,5,5
732,5,5
2279,5,5
1132,5,5
574,5,5
924,5,5
1476,5,5
1422,5,5
2162,5,5
2405,5,5
659,5,5
1344,5,5
668,5,5
1365,5,5
1361,5,5
2462,5,5
973,5,5
2601,5,5
1091,5,5
2147,5,5
233,5,5
1117,5,5
2503,5,5
2687,5,5
282,5,5
1050,5,5
907,5,5
2657,5,5
149,5,5
1047,5,5
210,5,5
2394,5,5
1437,5,5
1289,5,5
97,5,5
1546,5,5
454,5,5
70,5,5
1020,5,5
1713,5,5
2689,5,5
1246,6,5
1082,2,5
1278,1,5
1575,5,5
170,5,5
1079,5,5
2230,5,5
1445,5,5
1228,5,5
2698,5,5
1442,5,5
2096,5,5
1482,5,5
890,5,5
316,5,5
1571,5,5
221,5,5
1448,5,5
631,5,5
1636,5,5
2555,5,5
1910,5,5
580,5,5
1069,5,5
591,5,5
636,5,5
176,5,5
1013,5,5
396,5,5
2396,5,5
478,5,5
2613,5,5
2179,5,5
2623,5,5
154,5,5
1667,5,5
992,5,5
431,5,5
1296,5,5
1744,5,5
2337,5,5
2436,5,5
2009,5,5
1232,5,5
73,5,5
2041,5,5
1421,2,5
1551,5,5
864,5,5
774,5,5
1680,5,5
1624,5,5
2674,5,5
302,5,5
2591,5,5
1975,5,5
1085,5,5
1461,5,5
1243,5,5
1907,5,5
1663,5,5
1211,5,5
512,5,5
1534,5,5
2737,5,5
283,5,5
2253,5,5
1540,5,5
1526,5,5
392,5,5
523,5,5
141,5,5
2268,5,5
1210,5,5
1003,5,5
182,5,5
866,5,5
522,5,5
1966,5,5
1983,5,5
781,5,5
1973,5,5
2,5,5
2540,5,5
779,5,5
945,5,5
323,5,5
2454,5,5
1986,5,5
2249,5,5
329,5,5
2614,5,5
2276,5,5
209,5,5
1789,5,5
1616,5,5
2327,5,5
2564,5,5
1770,5,5
2124,5,5
2580,5,5
2706,5,5
1694,5,5
1190,5,5
735,5,5
955,5,5
1520,5,5
2145,5,5
110,5,5
1479,5,5
384,5,5
1682,5,5
2484,2,5
336,2,5
1759,5,5
1866,5,5
865,5,5
1803,5,5
2708,5,5
858,2,5
839,5,5
2081,5,5
2532,1,5
1471,1,5
2053,1,5
786,1,5
1119,1,5
2309,2,5
420,1,5
1204,1,5
1389,1,5
791,1,5
2575,5,5
543,5,5
1108,5,5
1042,5,5
2045,5,5
2146,5,5
942,5,5
857,5,5
2219,5,5
534,5,5
1990,5,5
751,5,5
1925,5,5
780,5,5
554,5,5
363,5,5
511,5,5
2114,5,5
299,5,5
694,2,5
2598,2,5
2088,2,5
958,5,5
746,5,5
1543,5,5
419,5,5
2425,1,5
818,1,5
178,5,5
1778,5,5
1895,1,5
401,1,2
1500,2,2
1308,2,2
1731,2,2
1873,2,2
612,2,2
1812,2,2
2745,1,2
657,2,2
2015,2,2
1648,2,2
1274,2,2
2729,2,2
2736,2,2
1939,2,2
726,2,2
2115,2,2
2028,2,2
1530,2,2
1192,2,2
1884,2,2
1906,2,2
78,2,2
1901,2,2
51,14,2
2426,2,2
220,2,2
1310,2,2
409,2,2
1692,2,2
1961,2,2
1934,2,2
1894,1,2
1302,1,2
79,2,2
219,2,2
739,2,2
660,2,2
2607,1,2
2001,1,2
448,1,2
1524,2,2
2722,2,2
1015,2,2
1256,1,2
2043,1,2
1953,1,2
1188,1,2
2351,2,2
1287,2,2
2470,2,2
1725,1,2
2588,2,2
1635,2,2
201,2,2
1499,2,2
1561,2,2
1981,2,2
1879,2,2
1086,4,2
1128,1,2
1153,1,2
759,2,2
491,2,2
1026,2,2
1021,2,2
1933,2,2
1836,2,2
2716,1,2
514,4,2
717,2,2
1237,2,2
307,1,2
1025,1,2
2469,2,2
2493,2,2
1452,2,2
1351,2,2
1687,1,2
2727,2,2
1890,2,2
1994,2,2
549,2,2
1441,2,2
1565,1,2
1849,2,2
117,2,2
2153,2,2
2262,2,2
86,2,2
2112,2,2
1696,2,2
29,2,2
504,2,2
849,2,2
2560,2,2
2378,2,2
14,2,2
245,2,2
2037,2,2
2049,2,2
619,2,2
1867,1,2
1946,1,2
1922,1,2
712,1,2
2117,2,2
565,2,2
1619,1,2
1985,1,2
2636,2,2
1262,2,2
2472,2,2
1468,2,2
1932,14,2
1631,2,2
993,2,2
2589,2,2
186,11,2
1974,1,2
1483,1,2
1808,1,2
1478,2,2
1504,5,2
405,2,2
2458,1,2
2237,2,2
1661,2,2
1978,2,1
1728,1,1
494,1,1
2273,1,1
2536,1,1
1818,1,1
252,2,1
524,1,1
1813,2,1
1938,2,1
984,1,1
359,2,1
1721,1,1
1810,2,1
2155,2,1
1573,2,1
2336,1,1
652,1,1
651,1,1
1176,1,1
2724,2,1
643,1,1
2092,1,1
1871,2,1
2549,2,1
2630,1,1
741,2,1
1761,2,1
2548,2,1
1896,2,1
2593,2,1
2558,1,1
2742,1,1
2543,1,1
1438,1,1
496,1,1
1280,2,1
851,1,1
1236,2,1
2040,2,1
1553,2,1
1811,2,1
2642,1,1
2617,2,1
2354,1,1
1235,1,1
2559,1,1
2263,1,1
1724,2,1
2238,2,1
644,1,1
91,1,1
2293,1,1
2034,1,1
1492,1,1
816,1,1
2711,2,1
701,1,1
1926,1,1
1794,1,1
39,1,1
2539,1,1
177,1,1
2254,1,1
1505,1,1
2583,2,1
1902,1,1
1266,1,1
2306,1,1
886,1,1
1307,1,1
1944,2,1
158,11,1
410,1,1
1488,1,1
2020,1,1
1516,1,1
463,1,1
1743,5,1
2450,1,1
1786,2,1
1006,5,1
2105,1,1
2355,1,1
407,2,1
1664,1,1
509,1,1
510,1,1
581,1,1
671,1,1
1915,1,1
1474,1,1
761,1,1
1201,1,1
2062,1,1
1024,1,1
352,1,1
965,1,1
2452,1,1
1231,1,1
1172,1,1
1264,1,1
2565,1,1
1670,1,1
2123,1,1
163,2,1
2361,1,1
2097,2,1
2413,1,1
670,1,1
1216,1,1
1134,1,1
1110,1,1
1319,1,1
2417,1,1
403,1,1
1790,1,2
314,1,2
216,2,2
868,1,2
1162,1,2
676,1,2
1080,2,2
807,2,2
2407,2,2
1109,2,2
242,1,2
560,1,2
1431,2,2
2318,2,2
2459,2,2
2427,2,2
2007,2,2
1432,2,2
351,2,2
2605,2,2
1835,2,2
1715,2,2
2227,2,2
1168,2,2
925,2,2
1049,2,2
1151,2,2
1078,2,2
453,2,2
187,1,2
267,1,2
138,1,2
1259,2,2
1597,2,2
2500,2,2
150,5,2
1133,2,2
846,2,2
1587,2,2
702,2,2
704,2,2
357,2,2
1273,2,2
1838,2,2
95,5,2
1183,2,2
635,2,2
1732,2,2
829,2,2
1222,2,2
904,2,2
566,1,2
2376,1,2
458,1,2
30,1,2
2281,2,2
922,2,2
1203,2,2
1819,2,2
966,1,2
1673,2,2
641,2,2
646,16,2
1399,2,2
109,2,2
1675,2,2
2103,2,2
1831,2,2
2681,2,2
2240,2,2
1760,2,2
2329,2,2
1539,1,2
2590,1,2
122,2,2
2665,2,2
1542,1,2
929,1,2
2676,1,2
2538,1,2
1683,1,2
1362,2,2
335,1,2
1136,2,2
1649,2,2
2606,2,2
700,2,2
1409,1,2
286,1,2
1729,1,2
539,2,2
309,2,2
1847,2,2
369,2,2
2673,2,2
1391,2,2
1512,2,2
2382,2,2
214,5,2
2255,5,2
1433,5,2
961,5,2
2110,2,2
528,2,2
119,2,2
203,2,2
639,2,2
2514,2,2
1398,15,2
707,2,2
2358,1,2
1702,1,2
1205,2,2
879,2,2
1415,2,2
1202,2,2
693,2,2
2107,2,2
2581,2,2
2400,2,2
669,2,2
710,1,2
2496,2,2
908,2,2
718,1,2
2719,1,2
1841,12,2
2471,2,2
856,5,2
198,2,2
1532,2,2
2259,1,2
2311,2,2
647,2,2
1586,2,2
2210,2,2
2282,1,2
840,1,2
1856,1,2
535,2,2
2021,2,2
2477,2,2
40,1,2
1033,2,2
1131,1,2
1568,2,2
2129,2,2
422,2,2
44,2,2
11,2,2
2267,2,2
1755,15,2
980,2,2
159,2,2
1208,2,2
1959,1,2
1414,2,2
2397,2,2
662,2,2
804,2,2
573,2,2
587,2,2
1950,2,2
16,2,2
1768,2,2
940,2,2
429,2,2
2031,1,1
1558,2,1
244,2,1
1757,1,1
2734,1,1
2567,1,1
1787,1,1
2260,2,1
290,1,1
2199,2,1
688,2,1
1802,1,1
1980,2,1
2522,1,1
696,1,1
1706,1,1
2474,2,1
2299,1,1
542,1,1
1434,1,1
832,2,1
1756,2,1
1754,1,1
2287,1,1
812,1,1
35,2,1
1693,1,1
2518,1,1
1708,1,1
195,2,1
2420,1,1
762,2,1
714,2,1
1092,2,1
1600,2,1
1642,2,1
1218,2,1
1855,2,1
1395,1,1
558,1,1
1394,1,1
885,1,1
663,2,1
93,5,1
1541,2,1
624,1,1
1418,1,1
2412,1,1
679,1,1
1242,1,1
2438,1,1
395,1,1
258,1,1
1991,1,1
2026,1,1
2222,1,1
1965,1,1
1999,1,1
1439,1,1
2694,1,1
1611,1,1
1772,1,1
1612,1,1
2644,1,1
2177,1,1
763,1,1
346,1,1
303,1,1
1510,1,1
1129,1,1
1403,1,1
2215,1,1
2213,1,1
173,1,1
100,1,1
353,1,1
1720,1,1
1093,1,1
848,1,1
1529,1,1
798,1,1
2411,1,1
461,1,1
246,1,1
563,1,1
391,1,1
939,1,1
1068,1,1
2241,1,1
1097,1,1
1681,1,1
578,1,1
139,1,1
2233,1,1
944,1,1
1913,1,1
2594,1,1
1299,1,1
723,1,1
1703,1,1
1034,1,1
1001,1,1
1659,1,1
1620,1,1
1585,1,1
2188,1,1
297,2,1
465,1,1
2574,1,1
1113,1,1
2672,1,1
2170,1,1
1514,1,1
985,1,1
2333,1,1
2373,1,1
1088,1,1
820,1,1
254,1,1
1094,1,1
455,1,1
2684,1,1
1651,1,1
1572,1,1
1341,1,1
2370,1,1
585,1,1
2704,1,1
199,1,1
442,1,1
1122,1,1
2161,1,1
809,1,1
2521,1,1
1087,1,1
1840,1,1
826,1,1
1051,1,1
2633,1,1
997,1,1
165,1,1
1788,1,1
1375,1,1
1363,1,1
1005,1,1
2664,1,1
1606,1,1
910,1,1
57,1,1
208,1,1
2508,1,1
325,1,1
845,1,1
447,1,1
2524,1,1
174,1,1
64,1,1
96,1,1
1184,1,1
1686,1,1
1829,1,1
71,1,1
2612,1,1
213,1,1
124,1,1
2244,1,1
1052,1,1
957,5,1
343,1,1
999,1,1
996,1,1
322,1,1
263,1,1
2402,1,1
147,1,1
877,1,1
2568,1,1
1137,1,1
2364,1,1
445,1,1
60,1,1
265,1,1
162,1,1
194,1,1
1826,1,1
2294,1,1
450,1,1
2515,1,1
1035,2,1
1550,1,1
1267,1,1
241,1,1
227,1,1
2202,1,1
2283,1,1
2679,1,1
205,1,1
1780,1,1
1602,1,1
238,1,1
1993,1,1
2526,1,1
1750,1,1
1116,2,1
687,1,1
2027,2,1
1189,1,1
590,1,1
645,1,1
2649,1,1
1036,1,1
1140,1,1
2323,1,1
234,1,1
94,1,1
389,1,1
749,1,1
1833,1,1
368,1,1
520,1,1
181,1,1
49,1,1
2314,1,1
2487,1,1
1408,1,1
2334,1,1
469,1,1
2390,1,1
743,1,1
2491,1,1
1979,1,1
12,1,1
1326,1,1
1666,1,1
111,1,1
105,1,1
2602,1,1
2483,1,1
2291,1,1
2391,1,1
439,1,1
1070,1,1
618,1,1
991,1,1
2350,1,1
1178,2,1
269,2,1
1067,1,1
2604,1,1
1330,1,1
1161,2,1
2464,1,1
1717,2,1
1382,5,1
1714,1,1
130,2,1
995,1,1
1152,1,1
58,1,1
2710,1,1
2513,1,1
393,2,1
145,1,1
1098,1,1
2408,1,1
620,1,1
2278,1,1
1598,1,1
1370,2,1
247,1,1
1618,1,1
1388,1,1
1171,1,1
1166,1,1
673,1,1
327,1,1
1864,14,1
487,1,1
1279,1,1
183,1,1
2639,1,1
1336,1,1
2626,1,1
1609,1,1
1121,1,1
2181,1,1
2445,1,1
1191,1,1
444,1,1
1595,1,1
126,1,1
129,1,1
2207,1,1
52,1,1
1368,1,1
1372,1,1
1927,1,1
1016,1,1
486,1,1
628,1,1
1096,2,1
1390,1,1
400,1,1
291,1,1
919,1,1
495,1,1
1898,1,1
1705,1,1
2312,1,1
2280,1,1
1737,1,1
1309,1,1
634,1,1
969,1,1
2653,1,1
1658,1,1
963,1,1
2004,1,1
1046,1,1
2036,1,1
2352,1,1
1684,1,1
1537,1,1
576,1,1
1480,1,1
1221,1,1
1883,1,1
1241,1,1
892,1,1
1498,1,1
855,1,1
1141,1,1
1592,1,1
1588,1,1
2065,1,1
2669,1,1
1566,1,1
867,1,1
38,1,1
202,1,1
1753,1,1
315,1,1
1220,1,1
2535,1,1
2058,1,1
1305,2,1
1127,1,1
1937,1,1
1640,2,1
570,1,1
493,1,1
664,1,1
2596,1,1
2295,1,1
1868,1,1
1227,2,1
2738,1,1
1029,1,1
2640,1,1
1340,1,1
941,2,1
589,2,1
888,1,1
1120,1,1
1106,1,1
2044,2,1
891,1,1
1531,1,1
1988,1,1
1503,1,1
1089,1,1
1701,1,1
2486,1,1
2616,1,1
721,1,1
1745,1,1
979,1,1
285,1,1
204,2,1
2685,1,1
1440,1,1
501,1,1
2579,1,1
75,2,1
709,1,1
25,1,1
503,1,1
1769,1,1
428,1,1
952,2,1
255,1,1
960,1,1
956,1,1
1385,1,1
705,1,1
2485,1,1
1322,1,1
20,1,1
1030,1,1
970,1,1
1223,1,1
1181,1,1
196,1,1
2018,1,1
698,1,1
2332,1,1
1508,1,1
2554,1,1
2264,1,1
1320,1,1
2046,1,1
1931,1,1
1908,1,1
2597,1,1
490,1,1
1028,1,1
2423,1,1
251,1,1
640,1,1
2572,1,1
1283,1,1
2024,1,1
1676,1,1
2658,1,1
1969,1,1
1282,1,1
470,1,1
1954,1,1
2571,1,1
2733,1,1
1945,1,1
435,1,1
2135,1,1
555,1,1
792,1,1
2696,9,1
813,1,1
1710,1,1
2111,1,1
2386,1,1
1783,1,1
572,1,1
1669,1,1
1956,1,1
2725,1,1
324,1,1
1834,1,1
318,1,1
1814,1,1
950,1,1
1574,1,1
1709,1,1
2453,1,1
1411,1,1
1045,1,1
597,1,1
2739,1,1
1014,1,1
878,1,1
772,1,1
1157,1,1
272,1,1
828,1,1
1718,1,1
197,1,1
1275,1,1
2700,1,1
2137,1,1
1038,1,1
938,1,1
317,1,1
538,1,1
311,1,1
1118,1,1
2134,1,1
2050,1,1
1224,1,1
1774,5,1
152,5,1
1294,1,1
771,5,1
706,2,1
2003,1,1
653,1,1
784,1,1
2032,5,1
1102,1,1
682,1,1
2635,1,1
275,1,1
1796,1,1
2375,1,1
604,1,1
2475,1,1
1801,2,1
2250,1,1
617,1,1
1739,1,1
515,1,1
1225,1,1
1782,1,1
2641,1,1
1387,1,1
1554,1,1
2430,1,1
148,1,1
1209,1,1
1044,1,1
2409,1,1
765,1,1
2686,1,1
298,1,1
1594,1,1
2208,1,1
629,1,1
276,1,1
2303,1,1
1805,1,1
430,1,1
2497,1,1
967,1,1
1678,1,1
974,1,1
795,1,1
719,1,1
1269,1,1
2550,2,1
2482,1,1
1284,2,1
1402,1,1
102,1,1
1690,1,1
690,1,1
814,1,1
1947,1,1
561,1,1
361,1,1
1207,1,1
1143,1,1
354,1,1
844,1,1
685,1,1
1870,1,1
1671,1,1
1489,1,1
2160,1,1
998,1,1
1822,1,1
2300,1,1
1430,1,1
896,1,1
121,1,1
1689,1,1
2401,1,1
1940,1,1
911,1,1
83,1,1
1160,1,1
1723,2,1
2127,2,1
983,1,1
2338,1,1
2356,1,1
330,1,1
1742,1,1
1031,1,1
1449,1,1
253,1,1
1700,1,1
308,2,1
2379,2,1
2214,1,1
1627,1,1
184,1,1
2645,1,1
101,1,1
1688,1,1
823,1,1
72,2,1
1107,1,1
1425,1,1
2320,1,1
2637,1,1
179,1,1
1837,5,1
2479,1,1
21,1,1
1004,1,1
277,2,1
2510,2,1
2523,2,1
2603,1,1
2608,2,1
1765,1,1
1,1,1
1451,1,1
1704,1,1
1660,1,1
212,1,1
2682,2,1
2025,1,1
2223,2,1
684,1,1
1245,1,1
23,1,1
2629,1,1
873,2,1
1917,1,1
859,1,1
1199,1,1
475,5,1
