X,Y,label
-3.456041488,29.54035525,beta
-34.12732541,-12.54975255,beta
4.261183722,-39.21761087,beta
44.46384705,8.333853149,beta
7.570542041,-33.59493971,beta
7.517631182,26.2155838,beta
-9.295229822,22.38456184,beta
-15.98558435,21.42817245,beta
-8.382574053,6.489851098,beta
-32.99342254,-8.741107492,beta
-36.13544228,-4.842716775,beta
-14.72542287,27.54402816,beta
-14.79043127,5.691780289,beta
3.960075345,-36.50142939,beta
-2.693627457,3.533373689,beta
-28.46901559,-4.260464461,beta
0.780259776,4.795853008,beta
41.27186657,4.717226678,beta
-35.07263182,-3.29178365,beta
-35.23060656,-9.440876733,beta
-3.666678115,10.10413448,beta
-5.365669957,19.47479836,beta
4.242704647,5.808057048,beta
7.387388681,-37.34118742,beta
41.10836706,5.689837472,beta
31.50054468,-7.55752286,beta
-33.21018046,-11.44634186,beta
-25.66398134,-7.868078892,beta
0.097891151,7.829600482,beta
-35.46864239,-5.396121045,beta
-22.9617603,-15.57417339,beta
-29.81187085,-10.56953673,beta
-0.280169028,-16.54482607,beta
-15.27953026,12.48581768,beta
-2.664702242,28.79432924,beta
-24.96041262,-7.19730803,beta
-33.21778084,-2.388571344,beta
-32.20451701,-3.117810246,beta
-2.121146624,-28.93568676,beta
0.456184689,4.72205737,beta
-6.579113058,17.67785584,beta
-31.88324336,-9.017991753,beta
9.939484151,-26.25580099,beta
32.11439974,-8.540672237,beta
-0.79169753,6.116594227,beta
-2.895831203,21.54022409,beta
5.434265339,-7.683510209,beta
-32.41916455,-1.355992971,beta
-14.38972282,5.621160617,beta
-33.72056041,-6.294245177,beta
1.670374294,-16.19188712,beta
-12.53670295,27.72794029,beta
-33.96358137,-1.058179979,beta
-33.20251191,-3.762648083,beta
-32.38086617,-1.59526271,beta
-0.01465222,25.67676139,beta
-34.50474093,-9.113980627,beta
27.13769147,-0.872999924,beta
-33.24210455,-12.23038236,beta
1.797366219,18.84119813,beta
-2.838505483,10.77212566,beta
-34.15904215,-4.204825822,beta
-33.30837597,-12.15508038,beta
30.75712241,-7.811298146,beta
-1.384791385,29.57662516,beta
-16.57421615,23.10617378,beta
-32.48214989,-7.677821077,beta
0.55200658,29.86285549,beta
29.18180059,-7.89353371,beta
-29.49643553,-12.1678662,beta
-0.465869642,8.177073942,beta
-2.8178639,10.28748201,beta
30.27775896,-7.595600048,beta
9.608094332,16.57112633,beta
-12.80194191,27.34778449,beta
-23.38250509,-15.44416036,beta
-2.440598097,1.093835598,beta
-33.76982448,-5.676987282,beta
41.16544817,4.986880734,beta
1.505753148,18.92464137,beta
-22.00953115,-15.50118241,beta
-26.22451384,-6.212396248,beta
1.993998361,-17.92455985,beta
8.926712154,-30.94946814,beta
-23.24414802,-14.75406217,beta
3.05834027,11.22757483,beta
-20.19374434,-13.21844855,beta
-33.60118056,-7.026375196,beta
-13.27396137,28.46483652,beta
-27.94204929,-10.64760297,beta
2.895311524,-31.37316248,beta
27.57581818,-6.197445832,beta
3.598460078,30.32775202,beta
1.580210929,8.729495985,beta
-34.09918967,-8.697699768,beta
1.393099003,-7.581017249,beta
-6.943157348,18.82153766,beta
-29.80015261,-11.57056349,beta
-28.06215397,-5.239887917,beta
24.69921547,-2.411010365,beta
-12.460206,26.94246494,beta
24.59635063,-6.117871936,beta
11.65542786,22.19602843,beta
-32.20611541,-1.884651633,beta
44.26307083,10.02162825,beta
-2.993878814,29.382492,beta
41.40050937,10.08956821,beta
6.324725733,19.58982764,beta
-9.778396498,24.24698817,beta
39.7904877,4.443620698,beta
-3.312922537,-17.79553164,beta
29.06926937,19.81392776,beta
-0.098903142,8.646656062,beta
13.09019389,13.84491969,beta
28.15082787,-6.874841983,beta
29.11584982,20.52200753,beta
9.028935527,19.62454825,beta
1.124352177,20.87750948,beta
7.931401967,19.58984555,beta
26.99895557,-0.639752899,beta
4.338035434,2.161525499,beta
4.218537471,-28.18669676,beta
4.393434077,4.88779876,beta
29.5982101,20.05270765,beta
-15.22537519,28.07893058,beta
40.54388294,7.308018958,beta
-29.31269106,-5.564720884,beta
10.80432796,22.53208189,beta
0.193291746,21.44979313,beta
-2.231881894,25.67940301,beta
4.741865312,17.06948374,beta
5.234742406,21.548535,beta
-33.83867448,-1.782015057,beta
5.705924313,7.363365312,beta
-30.8036959,-12.38210669,beta
2.83606282,-28.00618942,beta
2.383584412,8.933873632,beta
3.572997055,23.32501519,beta
-3.270269792,-17.64819363,beta
-32.39689813,-12.37322048,beta
1.802787591,23.06782848,beta
3.084878541,29.34572084,beta
3.490876419,21.15945025,beta
5.268686238,7.789838568,beta
26.74068666,-6.006279065,beta
5.019347904,-15.33320338,beta
13.54388064,19.62253669,beta
2.447181578,24.72962873,beta
13.06902099,16.51901665,beta
-6.871322051,18.3693318,beta
-26.80455838,-10.49789593,beta
7.353215492,5.704836681,beta
-32.37348815,-12.29730646,beta
7.884339782,5.029064074,beta
-32.51158444,-9.935455728,beta
5.353743406,-7.981490156,beta
27.87268623,-7.327438984,beta
8.896556656,16.9651349,beta
-18.00695785,-13.61071228,beta
30.54212141,20.7112198,beta
5.001117866,-30.47240217,beta
26.22650543,15.46019731,beta
9.862554403,22.07780687,beta
4.954692694,23.72063976,beta
-26.07488327,-10.39033031,beta
10.19811241,-15.89488321,beta
4.129918958,-12.70391802,beta
-2.721198231,29.09093337,beta
12.34962537,17.38818284,beta
5.025000381,13.59217501,beta
0.932231167,22.61871864,beta
5.388424971,6.955259946,beta
4.709377505,6.395582097,beta
4.211336833,16.31852282,beta
-27.49309227,-10.53002201,beta
-27.42714719,-5.638196419,beta
1.413009625,18.94769143,beta
-16.02632337,-12.13959753,beta
0.931930664,28.05628804,beta
6.351757518,21.20355387,beta
1.756605024,27.22496419,beta
28.41346735,-6.206193755,beta
-23.30604788,-13.87044243,beta
-20.82246235,-14.59742785,beta
-31.5782805,-3.421579023,beta
4.845491807,-6.281619809,beta
24.02505329,-5.57701399,beta
21.55546841,-2.965023977,beta
2.488378104,-17.32206282,beta
0.479354616,20.3411149,beta
2.407209606,10.34519804,beta
-30.94024283,-5.755469794,beta
-21.04081586,-12.44081244,beta
-30.62441775,-11.95344464,beta
40.81337996,6.455525546,beta
6.494716624,22.79514908,beta
4.945253904,27.48924163,beta
4.72669178,23.29505642,beta
-3.332081255,25.25235414,beta
-22.7055353,-9.315111114,beta
-22.60471189,-15.070142,beta
-23.56613109,-10.17868472,beta
24.64084576,-5.156602095,beta
25.35903142,-6.729334703,beta
0.791400358,-18.38960356,beta
4.278274912,24.72216468,beta
41.20701158,8.477561075,beta
25.10747623,-3.507535497,beta
5.41748064,22.00213484,beta
-17.62792063,-10.93370656,beta
4.265692064,23.74998448,beta
4.563139136,-11.80072748,beta
-2.268422821,28.50684977,beta
12.55853078,21.85452257,beta
-26.91297884,-10.47919106,beta
13.09475045,20.7716032,beta
2.040622532,-23.31410712,beta
8.559040403,8.524280521,beta
11.94216442,12.33238616,beta
5.450640168,-15.2801477,beta
-21.12679511,-9.553481166,beta
41.20792171,9.524435653,beta
-1.197781485,25.64569338,beta
-1.223175726,27.07363695,beta
4.940689554,-25.43679084,beta
5.384257876,-8.361124713,beta
-18.84877744,-10.84568962,beta
3.884496814,-14.35988632,beta
1.698450155,4.416609739,beta
7.699620288,6.926652387,beta
4.565531364,-20.73307315,beta
-24.91451015,-9.500816395,beta
24.98043531,-5.341260932,beta
40.51135762,6.21281822,beta
26.28537873,-6.010579544,beta
-19.6806881,-11.24347809,beta
41.19506364,10.7325651,beta
-25.05213985,-7.28398773,beta
-18.1664908,-10.36557454,beta
10.16685691,17.60717977,beta
7.545195623,7.066621687,beta
-2.359738893,-15.75108006,beta
4.436432887,11.63073409,beta
-24.93065858,-9.961674783,beta
1.959815214,-19.97737028,beta
4.492181454,-12.12391252,beta
1.266405097,22.81900061,beta
4.407239969,20.58097551,beta
-25.42941125,-9.679426426,beta
-25.24615491,-9.962158229,beta
23.47718223,-4.712624322,beta
11.83501354,14.47086396,beta
40.8280584,5.335722176,beta
2.142943471,-15.32887441,beta
-22.20334536,-10.1585014,beta
-21.36127279,-11.37384267,beta
3.00446618,25.99067957,beta
-16.98918198,-11.38716736,beta
-9.940519431,28.11076002,beta
-16.93489265,-10.98908667,beta
-21.62183076,-14.01315148,beta
-20.91794099,-13.18854593,beta
25.09449369,14.56202658,beta
-18.69032045,-11.788691,beta
24.92842419,13.86994464,beta
-22.90292538,-14.43891544,beta
-17.03733473,-9.660127971,beta
8.977356467,18.10112867,beta
-23.43556567,-12.84210619,beta
7.558572329,9.587629283,beta
-23.7960092,-8.368202876,beta
-17.54219982,-9.731997228,beta
-19.27295815,-8.229276423,beta
-18.20888063,-12.1749775,beta
21.44224946,-3.353842132,beta
20.86805695,-3.751936939,beta
-17.81325827,-11.49574577,beta
-9.396367335,22.17017175,beta
43.25062819,9.833318005,beta
2.246804077,-37.92742378,beta
8.155385271,-34.69404356,beta
-3.150204779,9.321557433,beta
-7.982214377,19.66847087,beta
-34.0013069,-12.50761793,beta
13.88086417,21.71137733,beta
0.250565604,-21.93199913,beta
43.68068149,9.341039125,beta
-32.55640005,-8.547365202,beta
-33.97143514,-7.997901507,beta
-30.34478315,-10.69048955,ductal
39.87949046,10.15119517,beta
-1.401023896,8.849233729,beta
-33.24365772,-12.94156658,beta
-34.20607636,-12.47012593,beta
32.13753945,-8.877373956,beta
2.698317138,20.78794853,beta
-36.67829882,-4.515445331,beta
-24.35662807,-8.197996531,beta
-35.92870277,-3.932495631,beta
-35.21620914,-2.72768622,beta
-36.41859901,-4.283532097,beta
-6.99237261,17.34696284,beta
-32.068927,-8.315217323,beta
-33.4482994,-12.56608082,beta
-34.33605129,-1.554011086,beta
-30.87245492,-11.78238159,beta
-34.51942991,-1.417006376,beta
27.4046746,-1.322385526,beta
-0.817668869,6.882575023,beta
-0.939546208,7.395890244,beta
-13.50512188,5.315329391,beta
24.45033515,-2.614887395,beta
-21.64999749,-9.49094007,beta
-0.497038316,9.350612803,beta
-2.275726556,4.791918805,beta
1.229790334,4.822870722,beta
-31.95085672,-10.01525794,beta
-6.833516927,16.22434035,beta
1.676089721,23.22606569,beta
-34.50411075,-5.893886258,beta
-7.025429986,16.40592544,beta
-31.33293403,-10.16647247,beta
31.30737731,-7.983827843,beta
-25.72389193,-7.931251057,beta
31.53611538,-7.673296314,beta
-11.22721089,29.42160985,beta
27.1620048,-0.971691083,beta
-35.2088937,-5.795292851,beta
-35.43085755,-3.27686445,beta
-10.88553566,27.80770734,beta
-35.16941354,-8.493925475,beta
29.03081714,-6.533424724,beta
27.13970805,-0.567624631,beta
26.66871176,16.07451106,beta
-5.714582551,24.00455522,beta
-35.0506522,-8.764613255,beta
0.768403054,30.00901065,beta
-14.12905204,27.77363743,beta
-0.481522042,11.88955331,beta
-13.743115,29.30868549,beta
3.378120185,-36.58072063,beta
-12.90029283,12.56544204,beta
-33.89396994,-8.969991648,beta
-11.0227135,24.86940527,beta
-33.20738699,-2.571139955,beta
31.19248468,-8.641679006,beta
-0.428544479,9.186216763,beta
-34.59671664,-5.785128983,beta
-34.66546614,-4.915605869,beta
-13.27529549,28.85308014,beta
5.228166664,22.01627766,beta
1.145301173,27.94905382,beta
-1.450800206,6.358174283,beta
-33.30846898,-8.108445547,beta
25.39044493,-2.729009557,beta
30.36397731,21.55869483,beta
-0.314276262,18.68089829,beta
-32.16494652,-7.576180369,beta
-13.25360108,28.11935203,beta
-33.91415196,-7.40317371,beta
0.560735971,29.23226521,beta
8.171747132,-19.87685493,beta
3.711315224,-25.16018154,beta
5.226806471,24.66755576,beta
30.56412568,21.21835731,beta
6.259776982,19.57906578,beta
5.576344266,5.294549585,beta
3.780433351,30.53440767,beta
11.3283107,19.45588368,beta
41.08262411,9.240204926,beta
-1.573994846,28.40860994,beta
27.9814027,-7.133838306,beta
-0.275090426,13.92131103,beta
-9.512587282,29.57256626,beta
1.209535485,7.775063082,beta
31.07679867,21.54520514,beta
-29.33553875,-10.33627668,beta
-7.819780051,28.95787108,beta
30.05361795,-7.978698282,beta
0.068165643,20.22760376,beta
-5.35425508,21.73589916,beta
-2.058399173,-29.10797675,beta
29.62444463,21.10845883,beta
14.28063499,22.40463335,beta
1.458087035,7.073731254,beta
11.62251762,20.79642391,beta
-23.59289301,-13.15316339,beta
4.872435478,-6.457850098,beta
8.905409253,5.378028621,beta
3.423316004,-37.23960343,beta
40.83849243,7.538737598,beta
0.109164325,25.15515514,beta
-9.010117513,29.29983254,beta
-31.67036065,-12.19265063,beta
2.112038115,26.71102009,beta
28.8417546,-7.486555289,beta
2.123888722,9.77837998,beta
4.030105179,-16.76232503,beta
-13.05020661,26.37021195,beta
3.959758132,-12.14784226,beta
25.16091681,-4.032423646,beta
-2.515383987,24.19726055,beta
3.029373919,30.35947521,beta
-20.27128033,-11.42252201,beta
3.209784506,-13.65894389,beta
5.85082479,-16.54200655,beta
-27.28628313,-10.41171783,beta
13.24257452,13.79399137,beta
29.0137895,-6.644233353,beta
11.49426111,19.18457917,beta
1.95909358,19.21233809,beta
1.824874155,-24.3363761,beta
-23.28930064,-14.34539086,beta
-0.184483453,24.44861568,beta
5.029081787,-25.72637619,beta
22.17662382,-1.967841424,beta
4.79397983,-13.02125506,beta
-17.4515706,-11.90461308,beta
29.26583008,20.01937844,beta
41.62242542,6.426370298,beta
-29.5040462,-11.94846215,beta
7.255980902,7.483947733,beta
-14.01465649,23.5116659,beta
4.858760052,7.269069018,beta
5.368273183,7.50927922,beta
0.499598618,24.01874108,beta
6.276287771,-18.20834309,beta
-23.48476081,-9.770438065,beta
1.600505654,24.31027012,beta
-28.74514298,-11.0818002,beta
3.472849881,-21.20333505,beta
5.464161728,-15.88777668,beta
-14.26018158,14.34290555,beta
-0.234488908,18.84627679,beta
29.28277268,-7.693539174,beta
11.75783305,22.05661822,beta
5.303437855,-7.266885306,beta
-11.13379631,24.78159759,beta
3.475285466,-28.00657172,beta
12.73507484,12.08238315,beta
3.634551966,-19.92050628,beta
-20.40372127,-11.1307769,beta
-12.88076366,27.48405404,beta
40.905306,6.742286478,beta
-21.20568941,-10.26453592,beta
2.282585212,10.50747103,beta
28.04613528,-7.862113237,beta
-22.26879925,-15.86571359,beta
9.116084889,17.10250948,beta
-0.903672304,20.05095255,beta
8.058637384,20.17123577,beta
6.530430479,23.67691084,beta
6.34426798,22.69862885,beta
-10.80673106,25.29560266,beta
-9.363908197,28.52666011,beta
27.00807693,-6.29603527,beta
0.325870354,24.80143276,beta
-34.25134508,-9.333900758,beta
7.730137008,11.55007945,beta
25.59087415,-5.850720145,beta
-1.259130361,22.53477199,beta
1.872401272,27.31305417,beta
29.80254167,20.66374972,beta
5.637438844,14.68041028,beta
4.581701359,-14.64266425,beta
-12.59620535,16.82317107,beta
0.785783914,20.16804243,alpha
1.723974249,16.7888832,beta
-10.67602388,28.53897769,beta
9.431111672,21.69509745,beta
-25.86163698,-8.462732794,beta
3.063270244,30.21683825,beta
12.43012879,20.52926547,beta
10.46898235,15.9559291,beta
4.811033372,-18.69129859,beta
13.71846855,15.69516786,beta
27.39355871,-7.204590624,beta
28.66880327,20.49783706,beta
21.54001027,-2.21984138,alpha
-6.661857619,23.93702899,alpha
4.667906996,21.10517323,alpha
-21.84947139,-8.669627026,alpha
23.82695786,-6.479955727,alpha
-2.569023056,21.7784992,alpha
4.830587985,4.508175932,alpha
3.854147324,29.18553826,alpha
5.539475296,-17.39261682,alpha
4.893777612,7.268648024,alpha
41.28675728,5.266433574,alpha
4.347657631,-11.73486196,alpha
12.53853141,16.48582208,alpha
4.25093372,8.635936487,alpha
5.966440636,21.93113238,alpha
40.36125703,7.198460441,alpha
7.334304922,-13.67187812,alpha
-30.92710352,-5.5572882,alpha
-24.93595735,-9.782492631,alpha
0.692112304,10.3541175,alpha
3.943159146,30.68818316,alpha
23.88520488,-6.580690573,alpha
6.047597332,21.69924396,alpha
3.411192283,29.58948621,gamma
5.340454402,-8.110785076,gamma
40.48412476,5.714851435,gamma
4.397867255,-11.78540979,gamma
5.491619411,-13.79600836,gamma
4.468464764,11.89116802,gamma
5.289535951,-15.39147608,gamma
-0.316159402,27.12977459,gamma
-31.10108173,-6.712599619,gamma
-18.80945038,-13.36282089,gamma
6.432181563,23.34974981,gamma
4.102594327,16.48488361,gamma
5.164170505,-13.51537668,delta
-0.347564405,9.666989626,gamma
20.36861746,-2.396075457,gamma
6.043671719,-16.72733254,gamma
5.145179033,-13.33914141,gamma
-3.064194168,21.4609599,gamma
5.293657045,-18.7943827,gamma
9.947492724,-13.37859324,gamma
43.05679123,7.623807155,gamma
8.048462461,20.60420737,beta
1.638251128,-15.39024624,gamma
23.37055003,-3.967382121,gamma
1.572243753,-18.20568935,gamma
-17.36761548,-12.75696688,gamma
-20.20295359,-8.415762587,delta
1.414141823,5.154246065,delta
4.613146145,-19.01858841,gamma
3.094038682,18.52717559,gamma
6.097504659,-15.72014953,gamma
0.578966206,19.37335785,gamma
-19.64019132,-11.88185053,gamma
25.2344548,-5.926605959,gamma
22.11208028,-4.342612922,gamma
-20.11905985,-10.79318546,delta
8.544740406,-18.89780055,gamma
2.773365453,-18.49802654,delta
4.49532685,-15.67592952,delta
2.132391633,12.33201768,delta
3.445432539,16.91942996,delta
23.86359845,-6.597746511,delta
5.414816959,20.80354415,delta
7.921372729,17.39474628,delta
41.55979852,10.00245735,delta
4.898128256,-15.47441498,delta
-23.38573849,-13.26974039,delta
28.40445846,19.20584002,delta
5.635563469,20.8777202,delta
3.763794226,-11.35420523,delta
11.48482014,19.43674287,delta
7.811759408,8.293356595,delta
5.186666868,8.492561205,beta
8.666442334,19.53167064,delta
-18.36802785,-8.902647077,delta
-18.67536178,-12.13640016,delta
-20.70606654,-9.294453443,delta
-18.33527785,-13.44871819,delta
-19.92093933,-11.84404254,delta
-23.90997858,-10.94089279,delta
-17.81009255,-9.465036241,delta
-17.59458304,-11.66567566,delta
41.11986791,10.46075223,delta
1.813854971,-15.29832878,delta
21.01998138,-3.808204326,beta
-20.0971798,-10.24789037,delta
18.94536425,-2.230945454,delta
-7.426105716,20.7314733,delta
-19.42972595,20.95909089,delta
-34.61079136,-12.12319693,delta
8.791685031,-18.503316,delta
8.784559044,-23.605557,delta
31.93537084,-9.095737591,delta
-15.05767205,27.08092887,delta
-32.77253468,-1.313701589,delta
-8.695562379,6.11656228,delta
-31.12471667,-4.044441228,beta
-35.24781925,-8.995173777,alpha
-33.53795856,-9.778000629,delta
-33.30652825,-2.725077262,delta
-26.1408025,-8.188933159,delta
-35.88589961,-3.61499743,delta
-33.83707932,-12.4344715,delta
-34.88308393,-4.886822209,delta
-7.328853066,18.31196299,delta
-33.35221429,-12.55303802,delta
8.026740212,-17.52253454,delta
-3.115225359,-18.77830233,delta
1.422273339,0.382356871,delta
-6.751702083,23.79942224,beta
-0.604591032,-30.45676308,beta
-27.98444087,-10.08806746,beta
1.623106088,-32.15252296,delta
41.31947765,5.875219909,delta
-35.07149034,-9.285466592,delta
-35.24203102,-8.241921779,delta
30.98343032,-8.069390922,delta
-25.71892636,-7.582018851,delta
-0.329919233,8.034835281,delta
-30.84740041,-12.1892031,delta
-32.27673619,-1.870555811,delta
-34.59261598,-3.565145494,delta
-30.98232652,-6.247576609,delta
-34.76954834,-1.972577529,delta
7.728204891,-13.46454775,delta
1.723459368,21.92591837,delta
-16.66450319,24.51825212,delta
-33.3391779,-3.426928902,delta
32.51998924,-8.288530802,delta
31.02286348,-8.224420115,delta
-0.83096959,-27.22551892,delta
0.502302203,-25.46365943,delta
-33.30136026,-12.02971448,delta
0.308654857,5.392498021,delta
5.43167454,18.9060999,delta
0.567469099,28.04022142,delta
4.815179854,-32.99335033,delta
-0.691364559,27.66404878,delta
13.06703123,13.33783502,delta
-13.08404362,26.03511447,delta
23.83467901,-3.369920837,delta
29.73664874,-6.813638719,delta
-30.83730932,-5.656766716,delta
40.29322328,6.858749925,delta
-14.58313128,28.23439148,delta
-2.40750306,25.68652035,delta
0.70147198,4.535004677,delta
0.24769002,21.31835153,delta
4.287593899,18.5044877,delta
-33.14947826,-8.985999417,delta
-28.18092036,-5.393700463,delta
-13.61081868,25.69757744,delta
-2.120815005,8.291124695,delta
-27.20228982,-5.559321758,delta
-1.627850614,24.7896578,delta
-14.67407444,6.418335392,delta
-33.30208387,-8.247655617,delta
-32.90498377,-8.747888118,delta
-32.87130832,-2.479270693,delta
-22.33950331,-15.62756747,delta
-1.557848441,26.11338769,delta
-12.78151497,17.20183053,delta
-34.56200431,-4.672689818,delta
2.081836362,23.29418,delta
42.99338288,9.332312793,delta
26.45242158,15.82316419,delta
0.611855855,29.03648219,delta
-0.223565136,8.429599808,delta
-28.24691052,-6.045655703,delta
-2.272891353,5.343624595,delta
6.062014577,26.86998329,delta
40.85732032,6.349217948,delta
-33.05777936,-3.817863974,delta
-25.3637112,-9.497293064,delta
0.275248316,-31.8210399,delta
-20.46292797,-12.52087451,delta
-28.48192131,-5.497918651,delta
-29.33887762,-10.40647854,delta
5.316410102,22.3181107,beta
-0.665529959,25.02687416,delta
13.64304216,15.25393818,delta
40.68429453,5.692880597,delta
20.97782006,-3.030848525,delta
28.65240959,20.10059727,delta
-3.326553475,27.95455614,delta
-19.14484266,-9.970766674,delta
2.240794427,8.698117212,delta
24.07976708,-2.597046869,beta
12.05145724,12.1015127,delta
6.734412146,-17.03928099,delta
26.60740453,-6.905514462,beta
-9.982922786,29.68475682,beta
4.368200414,-5.073994399,beta
6.041793814,7.986881355,alpha
7.19264069,4.109971327,alpha
24.37025302,13.31496969,alpha
5.109281924,6.482485831,alpha
-0.991023445,4.373942552,alpha
6.232254723,21.39505599,beta
-9.212184347,26.67426912,delta
1.829126633,-19.56590212,delta
-13.05369348,26.44243023,delta
25.78994818,-6.066636547,delta
9.031618192,13.92296198,delta
-2.000598608,28.77507694,delta
-28.06363877,-5.410410318,delta
4.327732296,-4.522685214,delta
5.72381574,-17.81151686,delta
13.37408675,20.09924356,delta
0.045142145,-34.89420428,delta
-3.267730462,27.97696517,delta
25.56632753,-5.703616938,delta
4.753242256,-25.80683387,delta
-28.22415783,-10.52729509,delta
27.12860973,-7.082535541,delta
12.21554007,12.05749604,delta
-10.12106552,28.35914864,delta
1.677958248,18.93931522,delta
4.051450751,22.5991576,delta
5.319396857,-7.478858469,delta
-27.27811698,-8.654260656,delta
-0.439224329,15.66890426,delta
4.151927147,-12.09064029,delta
4.821868585,25.03061092,delta
13.36220876,14.97010492,delta
4.63286131,24.52774124,delta
3.757867375,23.44387429,delta
8.061121383,19.41282365,delta
0.69007718,25.60498121,delta
3.163670436,18.80580763,delta
4.9329714,-20.27201844,delta
-22.24328648,-14.71791718,delta
5.135725587,21.49420019,delta
-9.278045404,26.7803192,delta
41.30468294,4.998785187,delta
-30.88556827,-5.198439953,delta
5.887739249,-15.18986914,delta
9.436855508,19.46294378,delta
-0.000198082,27.27949803,delta
1.333331401,5.899018547,delta
-30.39922408,-12.17600995,delta
3.547981524,29.38248823,delta
-25.96121511,-6.777023976,delta
-27.5582355,-8.45248966,delta
-23.14688269,-12.7588253,delta
4.314608599,16.42302812,delta
-0.672709348,27.56420916,delta
-20.26701299,-13.13666955,ductal
1.047308977,-24.39840074,ductal
23.60845643,-5.380912185,delta
-29.47120645,-10.28405769,delta
5.974831519,22.68431016,delta
-29.57725479,-10.05103546,delta
-16.78038477,-9.065741606,delta
5.771197915,-15.88988901,delta
40.56099756,6.408538137,delta
24.89346137,-4.610287946,delta
11.61634282,22.07403588,delta
6.149627679,21.97350164,delta
3.881932465,-27.30181458,delta
-23.89891922,-10.58022193,delta
-28.85202541,-11.50790068,delta
8.240385594,19.63697588,delta
3.460707725,-17.59330146,delta
-2.030029842,24.689349,delta
-19.61561306,-13.00771807,delta
-31.07027622,-4.446330391,delta
9.347002634,22.15117763,delta
-10.99691285,29.49852818,delta
10.31221188,22.4042901,delta
27.33993126,-6.319665468,delta
-29.72522077,-11.36700873,delta
12.79877299,14.93252115,beta
28.74845743,20.10835692,beta
8.241709931,17.26258356,beta
12.75731269,14.11339683,beta
-23.26889752,-11.89543221,beta
-2.286124413,26.99752613,beta
-12.41016564,15.39438719,beta
5.074250068,22.84387297,beta
6.278410481,8.119809399,beta
8.228920453,7.344361843,beta
7.035785135,5.500370656,beta
-24.60337816,-8.900915161,beta
5.504782249,20.33817938,beta
-2.32017657,28.16841758,beta
26.08709093,15.13636787,beta
-1.700566738,27.4685434,beta
28.65556135,19.18998094,beta
40.95494609,8.847597259,beta
-19.09555268,-9.961614282,beta
6.617874538,20.89867823,beta
12.93499669,20.84431805,beta
-16.59924277,-9.146624504,beta
2.795477832,-13.87650871,beta
-18.27706709,-13.33609224,beta
7.460203874,6.992860101,beta
12.28229215,17.23519887,beta
-0.301729964,21.61652421,beta
-0.982666531,22.3072862,beta
-22.65564278,-12.80304704,beta
-25.93720501,-8.968292891,beta
41.82314514,10.25179003,delta
-23.76632389,-12.65153704,beta
-21.76761489,-9.850774529,alpha
1.795900007,18.15424196,alpha
25.47584635,14.97955939,alpha
-26.80387943,-10.09243798,alpha
28.79641653,19.48440805,alpha
3.781030781,-11.54927141,alpha
7.163639216,7.911458902,alpha
28.66648722,18.97182654,alpha
10.15720106,17.70833617,alpha
-10.65492515,24.69751751,alpha
-24.24576031,-8.716088787,alpha
-18.10306824,-13.63216235,alpha
24.64911647,13.78284271,alpha
-19.94261765,-12.7935136,alpha
-19.00812133,-13.79329969,alpha
7.738981805,9.632285412,alpha
-19.41400181,-8.495137683,alpha
-24.44849322,-9.822928066,alpha
-22.77668748,-10.2891528,alpha
-17.42439438,-10.20501195,alpha
4.853863434,23.11929478,alpha
-21.4630997,-9.761735705,alpha
-20.95906904,-13.48067489,alpha
-22.32099748,-9.957703983,alpha
4.706184295,27.64639299,alpha
-19.31416326,-8.213072229,alpha
-18.29007191,-13.64441346,alpha
4.867983042,-13.13411326,alpha
3.495860303,-17.15054595,alpha
-26.1589619,-10.06416534,alpha
20.87968876,-2.861795193,alpha
-20.09394414,-8.218404576,alpha
24.65162683,13.75240115,alpha
-19.38759148,-12.26050604,alpha
-17.34170406,-8.34240636,alpha
17.52435095,-1.325657739,alpha
-16.99617753,-8.389742699,alpha
-14.28991864,14.05816205,alpha
-5.089997993,11.39872335,alpha
-17.22564928,24.3507578,alpha
-30.07524369,-10.2560297,alpha
-15.50917134,21.11111116,alpha
-16.66116684,27.07732746,alpha
-15.1489316,18.95234294,alpha
-18.48300371,20.55847031,alpha
1.04207828,-32.49397508,alpha
-12.01017868,8.775491554,alpha
-18.56486103,12.17961591,alpha
1.6109014,27.76454685,alpha
8.864862107,-38.17559362,alpha
2.676840507,-36.9430742,alpha
-20.01526435,20.63027467,alpha
-19.03966772,21.01818981,alpha
-15.07093231,15.31118588,alpha
-18.74194404,23.74320395,alpha
-16.85613115,27.15741768,alpha
-16.76025356,18.71934886,alpha
-14.30963501,17.15031813,alpha
-18.47944293,10.63538794,alpha
-16.51634246,26.8774177,alpha
5.836582203,-35.50299501,alpha
-19.23559343,21.82420295,alpha
-16.16362611,8.119203675,alpha
-13.97875518,25.13059951,alpha
-18.23513049,20.65621972,alpha
-17.81636281,21.54056994,alpha
-34.16193482,-7.700217031,alpha
-8.451252821,20.59336327,alpha
-20.16554141,20.46725987,alpha
2.647702563,-35.93406243,alpha
3.199407185,-39.16383353,alpha
7.32653234,-36.63970355,alpha
-13.70053664,25.62370302,alpha
6.591568854,-40.53434643,alpha
-9.975775604,23.92475297,alpha
11.28067875,-31.40205237,alpha
1.121831095,-21.80686975,alpha
-1.920139731,7.443914956,alpha
2.750151042,-39.80896639,alpha
-10.34671931,11.32672825,alpha
1.750937879,-33.88733551,gamma
7.719682892,-29.40568253,alpha
-15.76884455,15.44741541,gamma
-17.95401427,12.59662377,alpha
7.734059256,-35.63738117,alpha
-16.5504962,25.84255109,alpha
-10.99127529,8.073589186,alpha
-9.252078175,9.605975262,alpha
-13.55245107,16.42991671,alpha
9.695604693,-30.02045669,alpha
-15.81482664,9.23620283,alpha
-18.06147027,12.37906564,alpha
10.99742602,-26.69746663,alpha
-15.10577265,19.04382138,alpha
-19.1437372,24.89280066,alpha
3.513921392,-36.08284528,alpha
4.412902244,-33.92949868,alpha
-9.468003273,7.775526887,alpha
7.30184218,-39.23406148,alpha
-32.27259956,-1.575136378,alpha
3.33903297,-38.57444405,alpha
-18.84837595,12.28689939,alpha
-15.9429827,12.68323621,alpha
9.613309254,-37.11408644,alpha
11.37117902,-30.63103068,alpha
-9.966148517,12.12435699,alpha
6.888927703,-39.41748515,alpha
6.977035741,-39.11308009,alpha
3.928158726,-39.16703343,alpha
-15.66782641,16.85780488,alpha
-12.13363292,19.66176139,alpha
-11.54725527,10.30696142,alpha
4.717464644,-41.09473134,alpha
-18.04962255,27.06020791,alpha
32.23904172,-8.578208273,alpha
9.034715689,5.421408134,alpha
-14.91943187,9.208361074,alpha
-7.553395833,13.15830681,alpha
2.985259845,-35.91442462,alpha
25.02304314,14.88060584,alpha
9.48709927,-37.09178551,alpha
10.1064948,-33.98075323,alpha
-35.24695971,-2.72590245,alpha
-8.872695299,21.1594569,alpha
-7.049292186,8.524895741,alpha
-18.75575568,23.0543998,alpha
-14.88995698,24.26917428,alpha
5.178390984,-25.52823206,alpha
2.099406003,-21.48694933,alpha
-13.56536495,25.9543291,alpha
13.69525481,16.78553553,alpha
-8.657274133,11.91785303,alpha
-13.31303328,20.41138858,alpha
1.074033565,-31.47163361,alpha
4.980352984,-34.18740813,alpha
8.648913959,-33.90773739,alpha
0.657546549,-25.59327538,alpha
-11.39256248,13.63585736,alpha
2.093985722,-4.660472193,alpha
-17.35770119,24.9519678,delta
3.347988399,-31.90640131,beta
-2.624705491,7.200798908,alpha
-19.17881182,22.23638902,beta
4.861867245,-33.77934544,beta
-15.93298551,12.31819929,beta
1.456837845,-38.8404585,beta
-0.789021743,-30.57902605,beta
-19.12278383,24.24657951,beta
1.967599856,-29.97805368,beta
-6.482817583,16.2117747,beta
-19.02645249,16.23515204,beta
-7.368300169,16.00859031,beta
1.873657892,-34.94780686,beta
-9.08363459,6.12975005,beta
3.118930405,-31.51963707,beta
2.712605898,-23.22976161,beta
-29.7774046,-5.497135913,beta
7.926508407,13.31743579,delta
-12.56285179,11.52042678,delta
7.32502894,5.148791809,delta
-17.11441664,11.67908081,ductal
-17.50027008,15.91371044,delta
-16.66708694,19.99495453,delta
9.497728204,-36.32016379,delta
8.964187009,-34.60735777,delta
24.04217299,-2.257658887,delta
-19.37204212,20.4469172,delta
-15.36389194,12.83480273,delta
-8.390208981,15.96526604,delta
-17.8051452,13.06138915,beta
-16.10321022,10.8072848,beta
-12.46046675,14.26301839,beta
-12.50685124,5.060394122,T_cell
7.979882738,14.83285509,beta
8.21341695,-34.89332141,beta
5.232583456,2.857937239,beta
-14.73128224,9.101690713,beta
-33.05131631,-11.35914893,beta
-31.36542633,-1.884099266,alpha
1.160192651,-7.063375571,beta
9.324920198,-15.35331305,beta
3.123745473,-28.48077844,beta
6.427851112,-17.20047118,beta
-16.32097475,11.36618656,beta
5.426529067,-39.90101196,gamma
0.135805179,-17.35672178,alpha
-17.26600168,10.16037432,alpha
-11.99291582,8.559984378,beta
-28.53720199,-5.01643521,beta
7.718016931,-24.56639273,beta
1.325883152,-7.740544795,quiescent_stellate
4.740236082,-5.840517406,beta
11.00795378,-31.26594046,beta
7.528828414,-31.93710481,beta
10.72435236,-33.05606113,schwann
-11.30882411,29.78532155,macrophage
-16.69373453,9.426377459,macrophage
-12.57813352,10.80081705,macrophage
2.651319634,-34.16529534,ductal
1.574339166,-30.99164615,macrophage
-8.098170606,28.84421322,macrophage
8.836672044,-18.63470211,macrophage
2.736874269,-4.62844468,macrophage
-0.899547428,-33.73996863,macrophage
-12.71824982,5.89517994,macrophage
0.985422961,-26.56418274,macrophage
-9.2513027,6.114062202,macrophage
7.298370973,-24.20168658,macrophage
-14.88128426,9.197868898,macrophage
-0.268686442,-36.31105281,macrophage
-16.71317623,14.86294486,macrophage
7.771710278,-39.02708904,macrophage
-8.986368212,7.842337544,macrophage
1.429663483,-6.740947808,macrophage
2.322896968,-34.47854943,macrophage
7.816740637,4.368467732,macrophage
7.349706017,15.7109743,macrophage
7.581393352,-22.53397227,macrophage
1.791493452,-14.68918236,macrophage
-13.06533306,16.4166391,macrophage
5.398087984,-39.6480887,macrophage
-16.83517973,15.52831124,macrophage
9.643581521,-14.25508947,macrophage
7.478481038,-22.50525419,macrophage
0.07569564,21.96306721,macrophage
7.513248884,-22.98475988,macrophage
-5.298776384,19.54526161,macrophage
-2.272346241,3.909291355,macrophage
-8.466674857,28.87662696,macrophage
-1.713435593,6.495344314,macrophage
9.009004353,-30.72257817,macrophage
-13.58462815,14.42832033,macrophage
8.740034715,-29.74030781,immune_other
-16.84020798,11.80929426,B_cell
29.91481004,21.03868991,alpha
-0.364127791,-20.26250293,alpha
-3.065099122,14.27921888,alpha
-2.196302459,7.619702224,delta
1.642036972,-6.843827215,delta
1.69220124,-18.36647052,delta
6.594495579,-24.07091173,delta
29.67916746,20.23236777,delta
1.462348818,-15.54322587,delta
-13.13024627,23.0082926,alpha
29.84800037,20.97913316,alpha
10.77963771,-19.04633602,alpha
9.931714836,-14.33611443,alpha
-12.37284178,20.42993564,alpha
-0.765654418,20.37168987,alpha
29.41418184,-7.190411333,alpha
-11.67087412,6.034812218,alpha
-11.24966854,13.88921891,alpha
3.259985381,-35.81582333,alpha
3.337272075,-26.28179813,alpha
8.313025318,7.623280376,alpha
-13.37897089,28.93883856,alpha
26.71572964,16.16550815,alpha
0.021216324,24.34659296,alpha
-1.96424302,-21.37200912,alpha
-9.364692513,16.97988204,gamma
3.168503892,-25.18504823,gamma
-11.29549641,30.16811498,gamma
-14.57091603,28.34687247,gamma
0.815393882,10.82264387,gamma
5.519672962,19.17973672,gamma
10.80104303,-19.54921361,beta
9.480509814,-34.23934147,beta
7.482523491,-12.70348848,beta
29.84429918,20.51303207,alpha
6.529563657,4.260293156,beta
11.78861017,13.75304515,beta
9.567562243,-12.8180279,beta
0.405061606,-19.4114124,beta
43.59192249,8.842470017,beta
-8.14137748,8.97239485,beta
1.5194602,-0.2769752,beta
22.62449682,-3.205835576,beta
-12.59448393,17.05244766,beta
-13.63789648,12.94329003,beta
-2.768634421,3.109514702,beta
1.762070252,3.917601424,beta
-14.13400197,17.13153818,beta
25.88305016,-4.636967057,beta
-0.248506342,-28.36414214,beta
9.774996088,-14.0048597,beta
8.605446544,-13.56662326,beta
-7.969100512,9.20369446,beta
30.22811293,20.42463036,beta
29.9409619,20.1447385,beta
5.36376357,2.84101056,beta
-1.489343643,10.70764092,beta
0.729154151,23.57691985,beta
1.936251371,-20.18031054,beta
5.828021416,22.97286701,beta
-9.745865847,29.11601754,beta
-0.156659445,-17.70124179,beta
-3.750932236,7.358227967,beta
3.508048073,-17.52751765,beta
5.801012077,-15.72423792,beta
28.92507466,-8.057861699,beta
1.952042163,-9.865086609,beta
12.02731108,16.37312408,beta
4.245202666,5.535599585,beta
-22.75104065,-15.99672274,beta
-22.32600146,-12.56745545,beta
2.032574834,-35.04873041,beta
26.17095687,-6.46702266,beta
1.863751178,13.60721596,beta
6.668466158,-40.38385721,beta
9.308571863,-29.13071774,beta
18.83020278,-1.724663553,beta
-1.526579637,7.526141248,beta
2.897651027,12.15069355,beta
9.019987857,17.84178372,beta
-11.55319908,12.8160497,beta
3.602429751,4.365006218,beta
24.39749307,13.48219832,beta
8.349468246,11.47644547,beta
41.18005223,10.41121829,beta
-1.253848917,-14.50983059,beta
1.764924789,-14.8941101,beta
43.70876895,8.535973086,beta
26.70287696,-6.786802926,beta
1.764689303,11.72519432,beta
2.487505828,20.656549,beta
7.872824458,-13.12711409,beta
26.06283343,-5.971770649,beta
11.57334067,13.96184597,beta
43.58790817,8.279709979,beta
10.78861211,-16.76150722,beta
40.64181292,7.401597432,beta
-4.46072766,7.518838549,beta
-1.692690625,-16.91857464,beta
-4.091396558,7.557158521,beta
23.84457165,-6.231714074,beta
-4.926127543,6.892610671,beta
4.329840343,3.895755889,beta
24.93943242,14.29195737,beta
42.98571618,9.670000034,beta
30.37506194,20.65086786,beta
7.524892387,-33.20315756,beta
24.57241896,-6.580372445,beta
29.0995168,19.286887,beta
-5.643881579,7.961254499,beta
3.952175607,-23.89129295,beta
4.077673982,16.03877047,beta
6.883841884,-17.3314807,beta
5.858911852,-12.18290135,beta
5.930349815,14.04244568,beta
4.888108667,4.681717621,beta
1.572298619,11.56047164,beta
3.52286995,-13.90017688,beta
8.122324545,14.01739363,beta
41.14243918,9.924635337,beta
25.01396209,14.34261827,beta
20.68282826,-3.390788212,beta
21.47979474,-3.616820219,beta
-17.115635,26.71272563,beta
-5.35044298,21.43698605,beta
-17.00099058,19.74848678,beta
1.324658759,-36.2104638,beta
-13.32744297,20.52866859,beta
-15.39423976,24.03692754,beta
-35.28800063,-7.483943345,beta
-18.56389022,24.20357004,beta
-5.619477272,22.12604775,beta
-13.26003096,8.431040129,beta
-19.14482419,24.65979216,beta
-11.54331489,10.41577725,beta
3.028341489,-40.76573859,beta
-15.67082289,15.85355514,beta
7.516454016,-38.66841667,beta
2.353312758,-6.410414998,beta
-18.92552957,20.6246127,beta
1.161150631,3.356744981,beta
-12.93956724,11.11058298,beta
-12.45937906,20.81843098,beta
-36.5154846,-2.890091029,beta
9.20080562,-37.36113839,beta
5.851515401,-40.1261613,beta
-12.69352493,5.454472089,beta
6.031868093,-39.50301243,beta
3.416669084,-37.66845327,beta
0.327529463,-0.26179251,beta
10.59940008,-32.31417621,beta
-8.604706274,16.90950984,beta
5.464321915,-30.37926537,beta
0.645470048,-27.60460436,beta
-17.40434279,16.44944155,beta
-19.21234958,16.00040009,beta
9.009116605,-39.09851397,beta
4.716263399,-27.21364674,beta
6.927736647,-38.70339029,beta
-10.38175495,11.12840775,beta
-14.86498922,10.54779549,beta
-18.373062,14.3949623,beta
-0.395829905,-19.16176652,beta
8.121308508,-31.76460477,beta
-14.15730832,12.80470685,beta
-3.296740336,9.54688097,beta
-15.73393254,23.8045946,beta
-17.38850354,10.65803025,beta
0.475241344,-30.70447404,beta
7.758022018,26.48305335,beta
8.915210613,-30.3872904,beta
-18.59503914,19.63871169,beta
8.1950022,-38.80661096,beta
9.012781673,-23.89433463,beta
5.868374256,-35.17952956,beta
-14.84373957,24.47773497,beta
3.325496464,-39.03883383,beta
1.275395184,-35.72809688,beta
-15.12106856,27.84583446,beta
-20.34832758,20.16051149,beta
3.781209273,10.64794633,beta
-15.4635127,24.10069283,beta
-16.42361755,26.31130899,beta
-17.2651544,20.21680414,beta
-1.724977975,-22.05488159,beta
-17.6518462,21.11215151,beta
-12.3927931,19.98764006,beta
-19.14806257,14.38366711,beta
-12.87392267,14.70949834,beta
0.532019642,-19.26970402,beta
3.007704868,-35.86097609,beta
-17.59181934,25.27011427,beta
-0.822310039,-26.1665857,beta
-15.62059007,23.90260616,beta
-12.24397162,21.81616908,beta
-17.01405131,15.35161151,beta
-9.829535703,16.95903557,beta
-8.935815787,10.77275603,beta
-1.634935887,-34.57183147,beta
-15.2403306,9.870954598,beta
-15.09214455,12.66929577,beta
1.948023535,-39.27270878,beta
44.19514789,7.996077254,beta
0.096466055,-36.81593383,beta
4.608425534,-39.54674232,beta
2.105881047,-38.94730634,beta
-2.141549874,2.988630672,beta
0.238413393,-38.11520066,beta
2.396702922,-34.09123779,beta
-8.890318956,15.79615448,beta
7.925954982,-33.42772578,beta
3.242010653,-35.19810638,beta
-7.011656649,15.74820583,beta
-0.119465924,-18.3391854,beta
-8.968420768,19.22287832,beta
9.822838872,-27.24291369,beta
10.56712445,-17.55192238,beta
-17.28340616,25.60786203,beta
9.583141185,-33.83804697,beta
1.624277277,2.380022183,beta
3.168302295,-33.70301695,beta
-8.186494619,9.123355838,beta
-15.91031912,12.91312911,beta
-17.69268854,27.04574573,beta
0.482116387,-36.5820509,beta
-9.538387225,7.645626375,beta
-8.99656758,8.431452701,beta
-18.24326226,21.52440689,beta
10.38230553,13.44937267,beta
4.364183746,15.02897994,beta
-30.40817628,-10.73879112,beta
-12.30599609,4.916871201,beta
1.907586833,5.032896439,beta
3.114193055,-33.65644168,beta
7.490209628,-34.85903301,beta
9.98212347,-19.98837902,beta
-15.57876481,17.02932022,beta
31.99795579,-8.673926706,beta
10.63881712,-18.5641446,beta
3.204944673,-31.84269828,beta
1.85110528,-4.384095418,beta
-6.929602161,15.96961414,beta
-15.17671997,9.534667511,beta
-0.887084489,18.73376006,beta
0.001399753,-30.4748985,beta
3.154506819,11.54681558,beta
9.426549138,-28.1817947,beta
-2.691325765,1.935038678,beta
-9.645860703,7.978484859,beta
-10.79208281,7.846320813,beta
-13.25884764,20.54876486,beta
-5.514404383,18.59452788,beta
10.64029293,-16.54886838,beta
1.336346362,-22.92900355,beta
-12.1406608,7.758162353,beta
4.95656815,27.78931456,beta
5.54593109,1.934715454,beta
6.609951633,-37.57553506,beta
-8.004045755,18.93298471,beta
-19.57149462,21.58841424,beta
-2.441565273,-22.70027389,beta
1.54073174,-1.294428942,beta
30.80673307,21.10782162,beta
-2.454150706,13.81317856,beta
7.497870046,-35.23820226,beta
8.983409907,-27.04779238,beta
-7.423764319,13.72373302,beta
-0.159544669,-35.05935665,beta
-2.688327222,14.10196857,beta
24.5623764,-2.390715939,beta
32.09832393,-9.033992265,beta
1.526638054,16.70545906,beta
10.3571448,-27.37973092,beta
-2.495101835,13.60019524,beta
-3.791434126,2.473546243,beta
-2.229870272,4.242418454,beta
-5.022273718,4.057222199,beta
-0.275495433,11.97869541,beta
-2.906944793,2.449843466,beta
-13.61341272,6.630657913,beta
-13.36042964,11.56779394,beta
8.435318967,-31.79327024,beta
4.507014279,-6.125581074,beta
-11.11330176,7.897013825,beta
9.191542001,-32.06792296,beta
4.840847862,-26.50378233,beta
-17.74633807,17.30503903,beta
0.43447898,-34.27606818,beta
-9.658703862,20.0901741,beta
31.32175999,-7.866126353,beta
-1.90217959,-15.56557413,beta
-0.554295453,-29.99374313,beta
8.148375746,-19.39380643,beta
4.020496844,-24.64384992,beta
1.107881796,-8.356582338,beta
-18.48545036,13.32468513,beta
2.054388472,-36.94389137,beta
4.454628956,-33.27285876,beta
-2.515088625,6.060046846,beta
2.114945552,-26.12038049,beta
-15.57035369,15.82307181,beta
4.796091306,3.041800252,beta
-0.906666681,-27.41463294,beta
-1.855436926,2.970580751,beta
7.694954038,-12.11362115,beta
6.065462972,10.69716877,beta
-0.81228896,-17.03672946,beta
4.843275914,-26.51322332,beta
32.28361513,-8.561225451,beta
1.227058633,-7.567004404,beta
-35.12942652,-2.204568711,beta
-0.684819795,14.78172859,beta
12.97144708,22.10790226,beta
-0.519635146,-30.39307796,beta
10.1377034,-32.35848971,beta
-10.63870642,28.46076875,beta
-12.98236139,20.48541619,beta
3.402028706,-25.3078039,beta
31.30075998,-8.48862356,beta
0.547489115,-8.520338998,beta
-12.45805211,6.153288792,beta
27.54831389,17.90486865,beta
-14.62053838,9.277974262,beta
-14.60483082,11.29779634,beta
-1.154898533,-25.38997385,beta
1.365922307,-26.70567407,beta
42.53043454,9.172313505,beta
-0.52429476,-30.78093643,beta
-0.096719536,-19.98091149,beta
-14.86472638,15.797829,beta
-34.20410335,-5.392890215,beta
-10.84125599,29.76391673,beta
-11.94961684,16.19668147,beta
-12.89654543,11.32040454,beta
31.77848633,-8.6769006,beta
23.32724838,-2.497696896,beta
-3.469934208,3.958344477,beta
1.381974791,-21.09577158,beta
-10.4086893,29.09346202,beta
42.86259581,7.443204347,beta
11.54040254,21.0939408,beta
5.482157879,-22.68148242,beta
0.279076723,-18.81258173,beta
7.745188176,15.22494921,beta
1.509775266,-26.61503532,beta
-28.69344461,-10.6580716,beta
-11.17866396,5.963250868,beta
-2.714946256,2.677282776,beta
8.957270434,-27.46206429,beta
-8.864566749,13.11230042,beta
5.426950786,-42.06762014,beta
0.282179289,-27.83063441,beta
-11.92527443,14.97768836,beta
-1.525817008,2.053496618,beta
28.93415306,19.39229468,beta
13.48457928,19.42096099,beta
-1.153303935,15.42463439,beta
-34.1808089,-1.458920008,beta
-0.291490283,-35.53002843,beta
30.87802206,21.38313667,beta
2.876709485,-28.11956312,beta
25.31321582,-7.215297887,beta
9.321976477,-34.33842584,beta
-1.022636177,-28.60537559,beta
6.567556552,-24.00520375,beta
11.13088765,-26.49936095,beta
-0.08076316,-25.69569866,beta
0.666621662,22.5993042,beta
-1.595507128,-22.05206669,beta
28.02904328,-7.409957346,beta
10.94414623,15.29523044,beta
43.16595416,8.013074076,ductal
11.53707655,6.735727129,ductal
28.9824029,-7.747457919,ductal
43.48928925,7.742071249,ductal
7.918868141,11.78290884,ductal
5.03704993,12.0171532,ductal
8.254210178,-12.70656045,ductal
5.849226375,-26.37718304,ductal
7.018861834,-29.53412012,ductal
1.458166031,3.34824114,ductal
11.26899946,14.9823579,ductal
8.835055786,-23.79470147,activated_stellate
4.713799301,-22.25989696,activated_stellate
-5.286926886,6.731401818,activated_stellate
-33.50989757,-3.088315821,activated_stellate
28.92940525,20.09106044,activated_stellate
2.854145331,18.99331761,activated_stellate
-6.034887285,19.66027311,activated_stellate
25.83947342,15.33081845,activated_stellate
-10.80970105,25.49904984,activated_stellate
20.61570344,-2.495195127,activated_stellate
24.87736403,-2.866534601,activated_stellate
22.40353247,-1.994138964,activated_stellate
7.595308778,-31.50069905,activated_stellate
4.084792685,-5.004660265,activated_stellate
-1.576925507,4.68441264,schwann
3.767802843,-24.79024978,schwann
-5.307298928,6.652307848,schwann
24.27653322,-5.696925266,schwann
-8.941634008,29.44816016,schwann
9.886091851,-14.60701085,ductal
8.257335664,16.01661786,ductal
26.89425229,-0.602399408,ductal
-1.043847562,-14.87642162,ductal
6.6143674,12.72044991,ductal
29.70776976,-7.523042261,ductal
4.776843471,-15.27915866,ductal
6.811598837,-21.28942981,ductal
2.469788043,20.61599125,ductal
2.279024718,7.707309203,ductal
9.679431445,16.47101529,ductal
0.685546933,-26.08605689,ductal
40.44402343,7.979002121,ductal
7.444870577,4.43934366,ductal
9.310391766,-14.11518294,ductal
22.12386473,-1.894454922,ductal
-22.79913456,-16.36833875,ductal
-5.907000938,8.438310981,ductal
-5.288486768,16.56521253,ductal
25.51546926,14.665566,ductal
20.05069412,-2.703497259,ductal
-0.454812919,22.64703362,ductal
-19.42616136,-13.8810007,ductal
26.15804555,15.13394088,ductal
29.62907022,19.82040514,ductal
41.39225243,9.818764466,ductal
1.429920277,-7.725956937,ductal
4.896850851,27.77007818,ductal
9.544164366,21.40171016,ductal
5.532151758,-23.75604346,ductal
21.99994531,-1.965145339,ductal
-0.269148754,-17.39697821,ductal
-1.856889088,15.84440261,ductal
11.55764822,6.756986662,ductal
11.53716355,6.733324411,ductal
4.618174214,-12.83301839,ductal
3.356482384,23.94457747,ductal
0.988660726,24.5523097,ductal
12.30428329,14.18397902,ductal
5.168682483,10.25619421,ductal
4.930431107,7.886455232,ductal
4.882351917,-4.993660972,ductal
4.014728468,-19.1703194,ductal
7.750254959,-24.56011176,ductal
28.66291105,19.92856505,ductal
4.87396925,-24.4055291,ductal
25.05502686,14.23700515,ductal
-2.799160793,21.65392762,ductal
9.681282819,-12.5790107,ductal
40.76693442,9.865929326,ductal
41.25339002,9.006023007,ductal
-0.320727709,-16.09523342,ductal
4.76617349,13.05731731,ductal
2.725576167,-19.75263851,ductal
1.718696535,-18.94969806,ductal
41.26728251,11.00850736,ductal
4.604702465,-26.66068136,ductal
40.88254111,8.052593879,ductal
5.97194556,-18.83900367,ductal
4.07549015,-26.22990315,ductal
-1.108872552,-14.38409575,ductal
-19.42507874,-9.117836867,ductal
4.384658812,-19.12051495,ductal
11.55097827,6.746041532,ductal
24.72401825,14.15758969,ductal
1.878074287,-23.92372422,ductal
4.318407212,-19.58823738,ductal
5.623416454,-17.97538866,ductal
2.096005593,-15.01878668,ductal
41.3619228,11.00037402,ductal
18.89588424,-2.06237564,ductal
-17.94322351,27.23731399,ductal
-15.78700083,21.69877482,ductal
2.23849636,-3.348800215,ductal
6.378590837,-26.62228014,ductal
-19.14183312,16.03409206,ductal
-20.51457236,20.63714943,ductal
-10.48806293,7.656536715,ductal
-16.18240446,23.09944802,ductal
-15.82742686,26.20820846,ductal
-19.38264992,21.15129275,ductal
-6.984998615,21.59500663,ductal
0.863949686,-6.783528861,ductal
0.229035657,-35.95745767,ductal
0.795936738,-37.74151511,ductal
-19.37273672,20.90491819,ductal
42.4346001,5.639585921,ductal
6.354292866,-25.95298,ductal
-18.11219881,11.6221708,ductal
-19.23398431,24.81453131,ductal
8.096488482,-38.43120647,ductal
8.644589233,-38.64011494,ductal
-17.61807251,26.40986929,ductal
-17.86832625,17.81189441,ductal
8.170358103,-19.76010754,ductal
-12.09880838,21.61259993,ductal
10.13847931,-30.27070046,ductal
-15.88046829,10.77938099,ductal
-15.81220878,17.58050273,ductal
-19.37666793,16.34789264,ductal
8.047365608,-39.28329685,ductal
-16.58445212,26.90745429,ductal
-17.10337902,24.25148757,ductal
8.544459855,-33.80137395,ductal
43.1199206,10.06444753,ductal
-17.95315023,21.808691,ductal
-18.53900255,23.35081359,ductal
-14.07978911,7.000068818,ductal
-20.07663432,20.51547762,ductal
2.915258513,-30.81278079,ductal
-14.60449171,14.92229191,ductal
2.883692746,-35.20895351,ductal
-14.86634658,9.593520299,ductal
-18.39758355,11.21442402,ductal
-7.107548723,23.93555407,ductal
-13.7444922,16.28468544,ductal
-7.400349798,16.88636801,ductal
1.607667758,-9.67761994,ductal
1.070985104,-36.18447354,ductal
-15.66737192,15.25926509,ductal
9.688483868,-37.96535803,ductal
4.716720564,4.867707486,ductal
-16.38129671,19.79034058,ductal
-17.52185719,23.55840054,ductal
-0.701349949,14.99897721,ductal
-7.41915564,7.514337912,ductal
-16.54127455,8.191794453,ductal
-2.874144103,15.94970898,ductal
-9.159167318,16.772881,ductal
-17.59341914,19.31159001,ductal
-0.630178289,-31.64707463,ductal
-36.3729292,-4.297673273,ductal
-0.558646876,8.580418669,ductal
9.086314411,-37.9339452,ductal
10.53794206,-32.00356703,ductal
44.06255652,8.166042774,ductal
9.544925882,-29.87389603,ductal
-18.83367356,23.38740359,ductal
-15.6038627,16.40630727,ductal
-34.45963504,-1.687806339,ductal
7.694563642,-38.98982834,ductal
0.928840692,-0.085955825,ductal
-1.693069497,-22.2170476,ductal
6.140148201,-40.46598761,ductal
2.040069391,-33.44106661,ductal
1.51254542,-38.99181119,ductal
5.23353706,-41.77525999,ductal
-2.938995899,8.197888396,ductal
7.411250621,-33.72039808,ductal
-1.358193804,7.331131326,ductal
-15.71190294,18.56667103,ductal
7.880600268,-29.70651528,ductal
6.682219146,-40.57478212,ductal
-18.69201692,13.39262202,ductal
-9.984069989,23.88327721,ductal
1.614576384,-8.831222524,ductal
10.34628651,-32.39168769,ductal
7.248226103,-35.51915447,ductal
8.411711449,11.51375021,ductal
-16.33480021,19.19948453,ductal
-10.66713121,10.38724574,ductal
8.460091419,-29.34993995,ductal
-9.15331732,11.18335143,ductal
0.352363583,-29.44480808,ductal
6.668177121,-40.30650853,ductal
5.349372515,-41.34335314,ductal
7.994615257,15.18751281,ductal
2.123350198,-33.75129641,ductal
2.231308456,-6.263111173,ductal
-12.90306223,12.86044098,ductal
5.171439166,-34.21772784,ductal
-0.454154149,14.46527264,ductal
-19.21027029,21.91005649,ductal
-7.281810186,7.380490468,ductal
4.429895259,4.693807281,ductal
1.787953337,-32.07439012,ductal
5.384677405,-41.03401611,ductal
-15.14033967,9.520219509,ductal
6.333590637,-35.17101846,ductal
5.810081742,-33.2618506,ductal
-1.060232618,15.25320744,ductal
6.553227618,12.95958852,ductal
7.061749527,-37.36340668,ductal
8.24760943,8.749362614,ductal
-0.528255613,14.34006774,ductal
9.887935913,-15.4229419,ductal
2.587551067,-39.17820463,ductal
-6.287120971,17.41207078,ductal
7.404283287,-40.52849768,ductal
-0.963656026,12.25061567,ductal
1.240431005,-1.176299884,ductal
12.86600257,16.6021949,ductal
-11.99154079,15.24551211,ductal
-8.41838528,18.02311635,ductal
-18.80310653,14.08138224,ductal
4.539373669,-33.52363063,ductal
6.255326136,-26.26781333,ductal
1.793460441,5.038552254,ductal
-9.130773517,9.355067425,ductal
-14.70512639,12.00820029,ductal
8.970809709,-27.06734258,ductal
-31.27036521,-1.795964719,ductal
1.332557579,-5.506547089,ductal
-18.14453585,13.43307385,ductal
0.436848558,12.13572054,ductal
14.18921802,17.70405133,ductal
1.291240423,-6.695403127,ductal
-6.856136495,18.24444024,ductal
3.203654064,10.8712226,ductal
-17.89310276,15.98283604,ductal
0.898178065,-35.32251397,ductal
-16.58404544,11.8903307,ductal
8.211960643,-23.95516061,ductal
-14.02840989,15.49906814,ductal
1.701295587,-23.99692718,ductal
-1.475752144,-28.16165202,ductal
24.69617094,14.49061155,ductal
-9.023567802,21.52611929,ductal
8.793753792,-13.84848809,ductal
7.530576362,-23.54704721,ductal
-13.00599815,11.58811448,ductal
8.825931748,-38.57956516,ductal
7.288355899,-28.87628686,ductal
7.900022378,-29.23405376,ductal
-9.41907202,9.653920229,ductal
7.036664073,-35.61194646,ductal
-8.253332662,12.24219251,ductal
10.24291052,-30.8411405,ductal
8.190490568,-13.71530685,ductal
0.567189235,18.74666743,ductal
9.386954726,-36.67737902,ductal
-3.569487549,4.12262509,ductal
-15.00543978,24.23491209,ductal
7.39859785,-38.18150122,ductal
-6.850660273,8.413033106,ductal
30.78603412,20.83906234,ductal
2.35638255,-2.430847494,ductal
-12.59597637,25.24686866,ductal
8.834274521,-31.23475981,ductal
12.71080451,22.14273302,ductal
-13.1947492,6.807771758,ductal
-35.00232197,-2.230667996,ductal
5.031273254,-23.52380665,ductal
2.175922667,-6.496505347,ductal
9.907000961,-14.42707201,ductal
1.0441185,-7.176483891,ductal
13.88937007,14.42134435,ductal
-8.906285905,19.76549423,ductal
1.89903844,-21.49829936,ductal
-15.18900035,10.65753269,ductal
-2.105402413,-28.8758106,ductal
27.46142677,-1.494222084,ductal
9.12065188,-12.9884348,ductal
6.037882583,-18.65332408,ductal
-0.055182567,-17.68976397,ductal
10.62098395,-33.54287486,ductal
-13.41772122,13.69339044,ductal
-5.200449679,11.08977484,ductal
6.183318202,-29.08977902,ductal
-3.500739932,4.285974692,immune_other
-3.298216405,2.297313921,immune_other
-7.080808242,18.16903739,immune_other
31.43528576,-8.329685477,immune_other
10.81949675,-16.82236056,immune_other
4.861230953,-26.74161423,immune_other
2.63861296,21.51154842,immune_other
-12.72739023,16.39311121,B_cell
4.725025917,-33.47055044,B_cell
2.390655738,-31.4200021,B_cell
-36.21900749,-3.988740227,B_cell
2.166601978,22.56684099,B_cell
6.169178211,13.10635319,B_cell
1.536581482,-1.02348507,B_cell
3.147331091,-15.96103657,B_cell
-34.18849579,-1.587587684,B_cell
10.15688822,-15.26187562,endothelial
16.59461863,-1.148262343,T_cell
5.387772567,-42.14123279,T_cell
-2.823845785,28.05431789,T_cell
10.01636392,-26.80378408,T_cell
9.116283159,-29.21451026,T_cell
41.73383662,11.22794785,T_cell
2.999239713,-25.13954874,quiescent_stellate
5.027861006,-26.98697367,endothelial
-20.7082941,-10.84357586,endothelial
-2.20849727,13.57873202,endothelial
10.9957327,14.23527437,endothelial
-1.1433119,5.546192005,endothelial
7.596274899,-32.13996987,endothelial
2.168159068,-4.406090353,endothelial
8.313004941,-18.11301174,endothelial
13.05811525,20.3993554,endothelial
-0.619997016,4.003930719,endothelial
-7.998767499,14.74646153,endothelial
19.03691488,-2.942099767,endothelial
-32.93116262,-2.732842936,endothelial
-9.518541343,9.822049881,endothelial
8.009481979,-23.28719632,endothelial
16.55194539,-1.140377629,quiescent_stellate
-12.6799085,11.42637498,endothelial
-11.59694259,16.22348617,endothelial
1.616438418,-9.126148556,endothelial
29.42787843,19.5657847,endothelial
30.67844876,21.41192402,endothelial
5.067916689,3.777682784,endothelial
1.565002404,-9.571906432,endothelial
9.552746464,-19.00779444,endothelial
40.67864394,6.781034462,endothelial
-0.771519121,-16.35670251,endothelial
-13.55086818,12.67170814,endothelial
18.74567752,-2.754311013,endothelial
6.517330965,-34.91731892,endothelial
20.06714248,-3.564237443,quiescent_stellate
-2.362467453,13.60415971,quiescent_stellate
5.667868654,-9.868994919,quiescent_stellate
-14.75468065,16.38164312,quiescent_stellate
1.893681402,21.43264384,quiescent_stellate
11.99007562,13.25469388,endothelial
-7.250295176,13.90295128,quiescent_stellate
10.30765403,-19.78179317,quiescent_stellate
10.64162922,-17.73580259,quiescent_stellate
25.26326417,-6.580618519,quiescent_stellate
3.223145847,-4.76655044,quiescent_stellate
26.72794471,-0.47140445,quiescent_stellate
-11.28801393,14.70322624,quiescent_stellate
2.217046179,-10.00830863,quiescent_stellate
-0.193777621,19.46131734,quiescent_stellate
3.138089054,-4.730684493,quiescent_stellate
7.091847499,26.27950433,quiescent_stellate
16.76421121,-1.250427936,quiescent_stellate
1.822426205,1.847450071,quiescent_stellate
2.887195793,-3.479291025,quiescent_stellate
29.14776015,-6.823863961,quiescent_stellate
-2.594155146,24.72498501,quiescent_stellate
19.72193664,-3.394486495,quiescent_stellate
0.940870777,1.518142243,quiescent_stellate
8.311569031,15.11640451,quiescent_stellate
-0.00101193,21.63151176,quiescent_stellate
-9.978002595,11.96928271,quiescent_stellate
-0.301977788,-17.29241272,quiescent_stellate
2.197943067,15.69492395,quiescent_stellate
-5.72248474,8.763243571,quiescent_stellate
9.180530026,-24.10723146,quiescent_stellate
-27.46525273,-9.661073927,quiescent_stellate
41.77646634,10.25126975,quiescent_stellate
7.309213927,12.63466895,quiescent_stellate
2.445020204,-1.130111041,quiescent_stellate
9.059801244,-26.8744405,quiescent_stellate
4.847032504,-15.21568794,quiescent_stellate
3.730083019,-33.59719537,quiescent_stellate
4.448082739,5.116246623,quiescent_stellate
1.213861268,-24.24569658,quiescent_stellate
4.165502275,16.05289551,quiescent_stellate
7.126409567,-35.69349157,quiescent_stellate
23.30766719,-2.238549632,quiescent_stellate
4.341500343,-7.221317467,quiescent_stellate
2.397048039,-1.241805408,endothelial
-0.445753786,22.72776483,endothelial
-10.90228398,28.55869653,endothelial
16.59800861,-1.156952917,endothelial
0.761645468,-21.23573876,endothelial
3.503801684,19.07968374,endothelial
18.03064323,-2.079208161,endothelial
-0.82595381,-26.27709172,endothelial
3.412675155,-4.591795811,endothelial
8.708077575,-28.11521184,endothelial
18.42535841,-2.510537768,endothelial
29.54384007,-6.792132429,endothelial
0.751055134,1.131922888,endothelial
-0.89088081,22.80677404,endothelial
5.154724509,9.673727411,endothelial
1.605086022,4.614563705,endothelial
2.865976031,-3.548111755,endothelial
4.283106749,2.337772877,endothelial
1.787538612,15.47806541,endothelial
19.26302483,-3.149868667,endothelial
-2.237967714,-15.75164944,endothelial
40.72134283,5.963443769,endothelial
18.94739759,-2.858525659,endothelial
1.918254661,15.63590448,endothelial
29.44589438,19.65427825,endothelial
-3.018643848,15.94281228,endothelial
2.099137714,12.23407327,endothelial
8.101344742,9.745835326,endothelial
19.27738711,-3.042994992,endothelial
40.88664064,5.814290815,endothelial
25.24211246,-7.256867846,endothelial
22.20446593,-3.340229703,endothelial
4.083241125,-24.90201484,endothelial
6.445291337,3.745218536,endothelial
25.82428259,14.6833125,endothelial
4.199244091,10.32168512,endothelial
3.624809037,-20.52789789,endothelial
3.377605064,1.811460583,endothelial
9.109867453,-15.64598755,endothelial
24.67928585,-4.665473374,endothelial
3.39932155,-4.628295016,endothelial
2.290223503,-9.799168769,endothelial
3.775890498,-5.836060989,endothelial
29.06666136,19.29496249,endothelial
8.815470153,-27.09083889,endothelial
-16.64722113,-8.181576398,endothelial
-5.983497152,6.465262512,endothelial
8.253674023,13.87511521,endothelial
1.913479904,-0.023789359,endothelial
-6.052356742,8.520151022,endothelial
-20.48658871,-15.10031918,endothelial
8.873327611,10.82443068,endothelial
19.34369218,-1.982312298,endothelial
7.925037055,-26.8663484,endothelial
24.80707819,-6.118365858,endothelial
3.064138067,-20.15803665,endothelial
5.244228651,10.63972571,endothelial
2.115083125,17.12848919,endothelial
3.380604644,11.67361102,endothelial
5.723226226,-24.36302649,endothelial
2.116555855,11.51597281,endothelial
40.59356539,7.08012589,endothelial
2.561170877,1.7480715,endothelial
4.760232783,-18.96269714,endothelial
5.942256005,-16.69125995,endothelial
13.83568973,15.17430854,endothelial
5.707986621,24.79771262,endothelial
17.57402665,-1.538042193,endothelial
17.92143066,-2.082317206,endothelial
4.980262459,-12.18275489,endothelial
3.504714773,-5.194407245,endothelial
8.256997077,13.87537738,endothelial
-16.3758243,-8.511228969,endothelial
40.58059852,8.248644805,endothelial
-21.83670257,-15.48389826,endothelial
3.485091837,-4.957722028,endothelial
3.004129831,-2.854479276,endothelial
5.491944719,10.05879783,endothelial
2.96215522,-5.798081472,endothelial
3.50787233,1.743808588,endothelial
24.89973282,-4.919219537,endothelial
3.821428379,10.40774504,endothelial
25.66534645,14.54973595,endothelial
17.58387584,-1.95539409,endothelial
3.762205917,5.626771447,endothelial
25.08761154,14.21327216,quiescent_stellate
23.89350774,-6.252916956,endothelial
40.87321913,6.922696703,endothelial
3.726662461,15.67332621,endothelial
2.590096983,12.75977828,endothelial
8.667808553,16.72610095,endothelial
3.078393199,12.57244073,endothelial
-1.451293283,-16.12010395,endothelial
-16.30496141,-8.649285997,endothelial
-16.14118831,-8.487312687,endothelial
7.156840817,9.708088565,endothelial
10.10310289,13.67579267,endothelial
25.69742779,14.59004937,endothelial
6.307359916,4.676013155,endothelial
6.768352259,9.870005084,endothelial
-1.474665802,-16.63429963,endothelial
3.358389742,-27.50924218,endothelial
2.631048495,-23.5650535,endothelial
17.70593147,-1.303244048,endothelial
-16.3482645,-8.472597543,endothelial
-4.784903787,7.682499147,endothelial
3.777866049,13.07469523,endothelial
-22.07904021,-15.4395408,endothelial
40.93556763,9.077557682,endothelial
-16.28187591,-8.43554019,endothelial
