id,x,y,label,Var5
461,-12.46046675498,14.2630183933586,beta,ductal
4,10.7243523576947,-33.0560611259866,schwann,ductal
742,11.5370765491868,6.73572712941849,ductal,ductal
194,28.9824028959197,-7.74745791853907,ductal,ductal
294,43.4892892464382,7.74207124929526,ductal,ductal
304,7.9188681411342,11.7829088439405,ductal,ductal
725,5.03704992976524,12.0171532046021,ductal,ductal
579,1.45816603149664,3.34824113961203,ductal,ductal
942,11.268999458265,14.9823579016347,ductal,ductal
567,9.88609185108623,-14.6070108473266,ductal,ductal
267,8.25733566427035,16.016617864248,ductal,ductal
765,6.81159883702636,-21.2894298131025,ductal,ductal
811,2.46978804266965,20.6159912509558,ductal,ductal
271,2.27902471800988,7.70730920254911,ductal,ductal
430,9.67943144451317,16.4710152937735,ductal,ductal
809,40.7669344181177,9.86592932573533,ductal,ductal
165,41.2533900210105,9.00602300723139,ductal,ductal
298,-0.320727708534806,-16.09523342256,ductal,ductal
772,4.76617348977198,13.0573173093169,ductal,ductal
445,5.97194556026584,-18.8390036714286,ductal,ductal
729,4.0754901496176,-26.229903151115,ductal,ductal
348,-7.10754872266487,23.9355540684902,ductal,ductal
336,-13.744492201588,16.2846854397627,ductal,ductal
20,-7.40034979758011,16.8863680141993,ductal,ductal
732,1.60766775819472,-9.67761994047499,ductal,ductal
631,1.07098510414749,-36.1844735428911,ductal,ductal
783,-15.6673719194138,15.2592650932039,ductal,ductal
796,9.68848386753785,-37.9653580334407,ductal,ductal
175,4.71672056393308,4.86770748571207,ductal,ductal
1764,-16.3812967057137,19.7903405753406,ductal,ductal
288,-17.5218571891326,23.5584005367808,ductal,ductal
343,-0.701349948981695,14.9989772059904,ductal,ductal
27,-7.41915564012752,7.51433791159031,ductal,ductal
580,-16.5412745543871,8.19179445310762,ductal,ductal
322,-2.87414410263624,15.9497089779595,ductal,ductal
471,-9.15916731765528,16.7728810045592,ductal,ductal
1482,-17.5934191420645,19.3115900129464,ductal,ductal
807,-0.630178288700962,-31.6470746289669,ductal,ductal
36,-36.3729291953467,-4.29767327339221,ductal,ductal
28,-0.55864687584128,8.58041866868148,ductal,ductal
324,9.08631441122966,-37.9339451997654,ductal,ductal
317,10.5379420638997,-32.0035670307206,ductal,ductal
826,44.0625565217021,8.16604277445795,ductal,ductal
313,9.54492588196047,-29.8738960316811,ductal,ductal
775,-18.8336735623856,23.3874035870872,ductal,ductal
735,-15.6038627039994,16.4063072722017,ductal,ductal
815,-34.4596350411586,-1.68780633929965,ductal,ductal
42,7.6945636416737,-38.9898283389916,ductal,ductal
639,0.928840692170838,-0.0859558247471189,ductal,ductal
264,2.04006939074039,-33.4410666092519,ductal,ductal
127,5.23353705950104,-41.7752599852259,ductal,ductal
667,7.41125062067686,-33.720398084728,ductal,ductal
82,-1.35819380399296,7.33113132567979,ductal,ductal
303,-15.7119029449087,18.5666710291555,ductal,ductal
724,7.88060026835813,-29.7065152820386,ductal,ductal
354,6.68221914633659,-40.5747821202106,ductal,ductal
561,-18.6920169150887,13.3926220178432,ductal,ductal
695,-9.98406998867461,23.8832772129264,ductal,ductal
57,10.3462865053394,-32.3916876916861,ductal,ductal
67,7.24822610285654,-35.51915446699,ductal,ductal
238,6.66817712073494,-40.3065085322032,ductal,ductal
582,5.34937251498458,-41.343353139652,ductal,ductal
10,2.23130845635642,-6.26311117348585,ductal,ductal
289,-12.9030622287849,12.8604409819746,ductal,ductal
284,5.17143916592633,-34.2177278409264,ductal,ductal
2,-0.454154148534349,14.4652726385199,ductal,ductal
293,-19.2102702925386,21.9100564897362,ductal,ductal
98,-7.28181018602783,7.38049046835511,ductal,ductal
151,4.4298952587012,4.69380728101208,ductal,ductal
249,1.78795333724392,-32.0743901159714,ductal,ductal
215,5.3846774045591,-41.0340161079313,ductal,ductal
659,-15.1403396743271,9.52021950933421,ductal,ductal
95,6.33359063683671,-35.1710184587194,ductal,ductal
202,5.81008174207426,-33.261850595933,ductal,ductal
232,7.0617495265857,-37.3634066759707,ductal,ductal
601,8.24760943027114,8.74936261364051,ductal,ductal
155,-0.528255612804012,14.3400677366197,ductal,ductal
32,9.88793591299041,-15.4229419046121,ductal,ductal
789,2.58755106709693,-39.1782046339763,ductal,ductal
804,-6.2871209712013,17.4120707786936,ductal,ductal
273,7.40428328664498,-40.5284976785693,ductal,ductal
803,-0.963656025970991,12.2506156684026,ductal,ductal
717,1.24043100455126,-1.17629988376958,ductal,ductal
734,-18.1445358539469,13.4330738520753,ductal,ductal
244,0.43684855823746,12.1357205384567,ductal,ductal
702,14.189218018442,17.7040513301816,ductal,ductal
817,8.2119606434007,-23.9551606087398,ductal,ductal
377,-14.0284098854912,15.4990681367279,ductal,ductal
200,1.70129558687654,-23.996927180416,ductal,ductal
558,-1.47575214447154,-28.1616520229285,ductal,ductal
537,24.6961709354631,14.4906115459215,ductal,ductal
221,-9.02356780177908,21.5261192948498,ductal,ductal
239,8.7937537923307,-13.8484880877467,ductal,ductal
805,7.53057636193467,-23.5470472137413,ductal,ductal
820,-13.0059981501036,11.5881144843234,ductal,ductal
556,8.82593174835666,-38.5795651616484,ductal,ductal
272,7.28835589944306,-28.876286859215,ductal,ductal
822,7.90002237829897,-29.2340537578519,ductal,ductal
802,-9.41907201986487,9.65392022916564,ductal,ductal
528,7.03666407274735,-35.6119464621826,ductal,ductal
428,-8.25333266178373,12.2421925065807,ductal,ductal
306,10.2429105179783,-30.8411405010208,ductal,ductal
90,8.1904905678958,-13.7153068466404,ductal,ductal
571,0.567189234703724,18.7466674274762,ductal,ductal
596,9.38695472634786,-36.6773790190491,ductal,ductal
135,-3.56948754900136,4.12262509028078,ductal,ductal
584,-15.0054397822653,24.2349120907759,ductal,ductal
59,7.39859784953114,-38.1815012185652,ductal,ductal
63,-6.85066027291868,8.41303310591822,ductal,ductal
458,30.7860341173416,20.8390623373553,ductal,ductal
140,2.35638255009234,-2.4308474937462,ductal,ductal
70,-12.5959763741414,25.2468686563207,ductal,ductal
497,8.83427452070354,-31.2347598117727,ductal,ductal
753,12.7108045147789,22.1427330154391,ductal,ductal
510,-13.1947491962159,6.80777175777402,ductal,ductal
407,-35.0023219710369,-2.23066799623299,ductal,ductal
743,5.03127325420966,-23.5238066516124,ductal,ductal
250,2.17592266746331,-6.49650534700107,ductal,ductal
394,9.90700096105756,-14.4270720071244,ductal,ductal
587,1.04411850010318,-7.17648389144622,ductal,ductal
963,13.8893700682045,14.4213443497953,ductal,ductal
722,-8.90628590478513,19.7654942267148,ductal,ductal
614,1.89903843992167,-21.4982993554134,ductal,ductal
153,-15.1890003472827,10.657532691892,ductal,ductal
421,-2.10540241284242,-28.8758106009976,ductal,ductal
1250,27.4614267672975,-1.49422208367565,ductal,ductal
1365,9.12065188048443,-12.9884347993926,ductal,ductal
655,6.03788258257257,-18.653324081018,ductal,ductal
290,-0.0551825671590936,-17.6897639673806,ductal,ductal
786,10.6209839471013,-33.5428748645691,ductal,ductal
593,-13.4177212231708,13.6933904419047,ductal,ductal
562,-5.2004496793495,11.0897748380669,ductal,ductal
482,6.18331820167864,-29.0897790196647,ductal,ductal
327,16.5980086057228,-1.15695291654445,endothelial,ductal
258,1.0473089774187,-24.3984007383691,ductal,ductal
518,23.6084564331726,-5.38091218509086,delta,ductal
210,43.1659541604261,8.01307407593018,ductal,ductal
602,8.25421017791036,-12.706560452628,ductal,ductal
799,5.84922637515496,-26.3771830390823,ductal,ductal
331,7.01886183393631,-29.5341201174993,ductal,ductal
404,0.685546932834708,-26.0860568895336,ductal,ductal
442,40.4440234343204,7.97900212087289,ductal,ductal
266,7.44487057720498,4.43934366025537,ductal,ductal
99,9.31039176591606,-14.1151829448068,ductal,ductal
30,22.1238647348477,-1.8944549223446,ductal,ductal
299,-22.799134561265,-16.368338754371,ductal,ductal
1350,-5.90700093818103,8.43831098075488,ductal,ductal
964,-5.28848676789531,16.5652125335599,ductal,ductal
1552,25.5154692643504,14.6655660030735,ductal,ductal
808,20.0506941170723,-2.7034972591932,ductal,ductal
1622,-0.454812918767409,22.6470336185115,ductal,ductal
908,-19.4261613625682,-13.8810006987003,ductal,ductal
1851,26.1580455538975,15.1339408799838,ductal,ductal
1884,29.6290702169239,19.8204051367791,ductal,ductal
1827,41.3922524270485,9.81876446625889,ductal,ductal
1377,1.42992027674283,-7.72595693744082,ductal,ductal
305,4.89685085092745,27.7700781760729,ductal,ductal
133,9.54416436632589,21.4017101581896,ductal,ductal
31,5.5321517578582,-23.7560434550095,ductal,ductal
640,21.9999453060096,-1.96514533882931,ductal,ductal
81,-0.26914875399107,-17.3969782100185,ductal,ductal
55,-1.85688908827559,15.8444026110547,ductal,ductal
605,11.5576482169502,6.7569866619332,ductal,ductal
53,11.5371635468755,6.73332441077323,ductal,ductal
603,4.61817421436445,-12.8330183852573,ductal,ductal
1443,3.35648238388661,23.9445774740105,ductal,ductal
578,0.988660726099924,24.5523096997987,ductal,ductal
48,12.3042832907233,14.1839790178884,ductal,ductal
297,5.16868248329138,10.2561942120072,ductal,ductal
307,4.93043110718868,7.88645523218879,ductal,ductal
800,4.88235191730204,-4.99366097177645,ductal,ductal
184,4.01472846777061,-19.170319402647,ductal,ductal
624,7.75025495913657,-24.5601117597638,ductal,ductal
345,28.6629110487248,19.9285650505237,ductal,ductal
632,4.87396924997204,-24.4055290957077,ductal,ductal
76,25.055026857141,14.2370051508916,ductal,ductal
320,-2.79916079309976,21.6539276152472,ductal,ductal
418,9.6812828193748,-12.5790106967846,ductal,ductal
87,2.72557616721446,-19.7526385128967,ductal,ductal
650,1.71869653473711,-18.9496980644004,ductal,ductal
1716,41.2672825135966,11.0085073622577,ductal,ductal
819,4.60470246473043,-26.6606813560302,ductal,ductal
255,40.8825411137011,8.05259387947542,ductal,ductal
274,-1.10887255234606,-14.3840957473699,ductal,ductal
563,-19.425078737047,-9.11783686676877,ductal,ductal
560,4.38465881206202,-19.1205149542115,ductal,ductal
527,11.550978272897,6.74604153168446,ductal,ductal
277,24.7240182473548,14.1575896853802,ductal,ductal
262,1.87807428711179,-23.9237242235014,ductal,ductal
557,4.31840721158977,-19.5882373763357,ductal,ductal
269,5.62341645362756,-17.9753886648111,ductal,ductal
713,2.0960055925186,-15.0187866803727,ductal,ductal
159,41.3619228038796,11.0003740187463,ductal,ductal
797,18.8958842380715,-2.06237563991448,ductal,ductal
812,-17.9432235116261,27.2373139875113,ductal,ductal
261,-15.7870008332433,21.6987748190221,ductal,ductal
777,2.23849635958211,-3.34880021542102,ductal,ductal
260,6.37859083684826,-26.6222801360346,ductal,ductal
559,-19.1418331169378,16.0340920630078,ductal,ductal
641,-20.5145723623544,20.6371494274221,ductal,ductal
448,-10.4880629333674,7.65653671534467,ductal,ductal
104,-16.1824044553838,23.0994480159798,ductal,ductal
300,-15.8274268631883,26.2082084599409,ductal,ductal
576,-19.3826499241526,21.1512927506121,ductal,ductal
37,-6.98499861477553,21.595006630211,ductal,ductal
54,0.863949685818726,-6.78352886057769,ductal,ductal
62,0.229035656974922,-35.9574576658519,ductal,ductal
644,0.795936737728892,-37.7415151127814,ductal,ductal
78,-19.3727367197406,20.9049181859546,ductal,ductal
654,42.4346000965009,5.6395859209439,ductal,ductal
1690,6.35429286606477,-25.9529799973998,ductal,ductal
1405,-18.1121988093267,11.6221708021828,ductal,ductal
1089,-19.2339843105793,24.8145313119229,ductal,ductal
1437,8.09648848242275,-38.4312064695386,ductal,ductal
885,8.64458923268732,-38.6401149378656,ductal,ductal
1662,-17.6180725124795,26.4098692871235,ductal,ductal
1163,-17.8683262515255,17.811894414173,ductal,ductal
1560,8.17035810306738,-19.7601075424566,ductal,ductal
1330,-12.098808378907,21.6125999281954,ductal,ductal
1695,10.1384793138389,-30.2707004625604,ductal,ductal
687,-15.8804682887318,10.7793809924718,ductal,ductal
974,-15.8122087824791,17.5805027250767,ductal,ductal
747,-19.3766679349967,16.3478926427121,ductal,ductal
657,8.04736560756413,-39.2832968502736,ductal,ductal
19,-16.584452123769,26.9074542864164,ductal,ductal
583,-17.1033790209124,24.251487572657,ductal,ductal
609,8.54445985479211,-33.801373954513,ductal,ductal
16,43.1199205975411,10.0644475275828,ductal,ductal
85,-17.9531502293569,21.8086909966131,ductal,ductal
581,-18.5390025519647,23.3508135941033,ductal,ductal
11,-14.0797891131609,7.00006881845637,ductal,ductal
329,-20.076634318383,20.5154776190544,ductal,ductal
301,2.91525851335621,-30.8127807912396,ductal,ductal
658,-14.6044917111858,14.9222919127608,ductal,ductal
635,2.88369274584197,-35.2089535091471,ductal,ductal
1149,-14.8663465791072,9.593520299418,ductal,ductal
852,-18.3975835467137,11.2144240224657,ductal,ductal
599,-1.69306949726666,-22.2170476028072,ductal,ductal
1705,6.14014820082387,-40.4659876107276,ductal,ductal
88,1.51254541967764,-38.9918111903638,ductal,ductal
227,-2.9389958987541,8.19788839646809,ductal,ductal
597,1.61457638417993,-8.83122252405819,ductal,ductal
638,8.41171144901842,11.5137502132231,ductal,ductal
349,-16.3348002106812,19.1994845331203,ductal,ductal
360,-10.6671312092471,10.3872457355724,ductal,ductal
585,8.46009141935012,-29.3499399487999,ductal,ductal
358,-9.15331731953613,11.1833514348886,ductal,ductal
176,0.352363583372422,-29.4448080776002,ductal,ductal
328,7.99461525747698,15.1875128074571,ductal,ductal
50,2.12335019762203,-33.7512964116993,ductal,ductal
236,-1.06023261832186,15.2532074438093,ductal,ductal
256,6.55322761765283,12.9595885227668,ductal,ductal
192,12.8660025700813,16.6021948952673,ductal,ductal
38,-11.991540787974,15.2455121057055,ductal,ductal
201,-8.41838527986976,18.023116345389,ductal,ductal
185,-18.8031065295923,14.0813822382829,ductal,ductal
548,4.53937366863733,-33.5236306345539,ductal,ductal
413,6.25532613555491,-26.267813334053,ductal,ductal
183,1.79346044061361,5.03855225393624,ductal,ductal
726,-9.13077351687438,9.35506742546011,ductal,ductal
758,-14.7051263884373,12.0082002859138,ductal,ductal
387,8.97080970943914,-27.0673425807759,ductal,ductal
193,-31.2703652126964,-1.79596471938496,ductal,ductal
1090,1.33255757885016,-5.50654708917124,ductal,ductal
748,1.29124042296294,-6.69540312744365,ductal,ductal
496,-6.85613649509147,18.2444402399931,ductal,ductal
511,3.20365406416691,10.8712225962393,ductal,ductal
534,-17.8931027553746,15.9828360403291,ductal,ductal
782,0.89817806521403,-35.3225139667341,ductal,ductal
785,-16.584045438025,11.8903307026351,ductal,endothelial
265,41.7338366223287,11.2279478500187,T_cell,endothelial
416,-20.7082940956514,-10.8435758569,endothelial,endothelial
669,10.9957326964702,14.2352743720901,endothelial,endothelial
355,2.39704803858796,-1.24180540783079,endothelial,endothelial
308,-0.445753785601978,22.7277648330561,endothelial,endothelial
58,-10.9022839848262,28.5586965327984,endothelial,endothelial
346,0.761645468321023,-21.2357387619316,endothelial,endothelial
26,3.50380168413846,19.0796837387972,endothelial,endothelial
611,18.0306432250587,-2.07920816089585,endothelial,endothelial
182,-0.825953809742293,-26.2770917174577,endothelial,endothelial
477,3.41267515475421,-4.59179581079324,endothelial,endothelial
536,8.70807757523856,-28.1152118433517,endothelial,endothelial
460,18.4253584136868,-2.51053776829276,endothelial,endothelial
664,29.5438400668555,-6.79213242896447,endothelial,endothelial
203,-0.890880809567147,22.8067740373622,endothelial,endothelial
447,5.1547245092824,9.67372741096271,endothelial,endothelial
69,1.60508602196192,4.61456370460986,endothelial,endothelial
102,2.86597603117591,-3.54811175504202,endothelial,endothelial
235,4.2831067491088,2.33777287706021,endothelial,endothelial
752,1.78753861231826,15.4780654083423,endothelial,endothelial
1120,19.2630248284066,-3.14986866655972,endothelial,endothelial
1426,40.7213428282047,5.96344376904729,endothelial,endothelial
1683,18.9473975885533,-2.85852565894898,endothelial,endothelial
1309,1.91825466079247,15.6359044804708,endothelial,endothelial
1354,29.4458943764566,19.6542782512196,endothelial,endothelial
1788,-3.01864384837802,15.9428122845646,endothelial,endothelial
1092,2.09913771381487,12.2340732668704,endothelial,endothelial
1831,8.10134474227386,9.74583532553914,endothelial,endothelial
1085,19.2773871149448,-3.04299499190438,endothelial,endothelial
1742,40.8866406383064,5.8142908153406,endothelial,endothelial
1068,25.2421124570666,-7.25686784609325,endothelial,endothelial
1672,22.2044659338356,-3.34022970314271,endothelial,endothelial
1112,4.08324112516897,-24.9020148360384,endothelial,endothelial
1127,6.445291337064,3.74521853568713,endothelial,endothelial
1108,25.8242825944814,14.6833125023962,endothelial,endothelial
1807,4.19924409104248,10.3216851237493,endothelial,endothelial
1412,3.62480903703057,-20.5278978947901,endothelial,endothelial
1816,3.37760506384963,1.81146058284108,endothelial,endothelial
1257,9.10986745346866,-15.6459875452831,endothelial,endothelial
1328,24.6792858469879,-4.66547337371238,endothelial,endothelial
1290,3.39932154963747,-4.62829501636196,endothelial,endothelial
1035,2.29022350294264,-9.79916876919753,endothelial,endothelial
1753,3.77589049764042,-5.83606098916527,endothelial,endothelial
1393,29.0666613572651,19.2949624930054,endothelial,endothelial
1381,8.81547015270593,-27.0908388864536,endothelial,endothelial
204,-16.647221128781,-8.18157639826644,endothelial,endothelial
233,-5.98349715154283,6.46526251195637,endothelial,endothelial
1389,8.25367402345534,13.8751152115939,endothelial,endothelial
401,3.38060464445375,11.6736110202981,endothelial,endothelial
525,5.72322622560084,-24.3630264851869,endothelial,endothelial
251,2.11655585461301,11.5159728083274,endothelial,endothelial
731,40.5935653940492,7.08012589045717,endothelial,endothelial
1141,2.56117087708927,1.74807150029091,endothelial,endothelial
1419,4.76023278262471,-18.9626971415918,endothelial,endothelial
516,5.70798662116176,24.7977126189572,endothelial,endothelial
64,8.25699707710286,13.8753773755222,endothelial,endothelial
598,-16.3758242999953,-8.51122896878437,endothelial,endothelial
409,40.5805985220775,8.24864480455504,endothelial,endothelial
543,-21.8367025720768,-15.4838982621373,endothelial,endothelial
332,3.48509183650744,-4.95772202754067,endothelial,endothelial
325,3.00412983106234,-2.85447927640668,endothelial,endothelial
610,5.49194471871613,10.0587978341314,endothelial,endothelial
435,2.9621552197329,-5.79808147162299,endothelial,endothelial
900,3.50787233019251,1.74380858794905,endothelial,endothelial
1338,24.8997328175155,-4.91921953659275,endothelial,endothelial
115,3.82142837859705,10.4077450380044,endothelial,endothelial
145,25.6653464544068,14.5497359452795,endothelial,endothelial
187,17.5838758437083,-1.95539409000685,endothelial,endothelial
333,23.8935077404129,-6.25291695553949,endothelial,endothelial
566,3.7266624608928,15.6733262109964,endothelial,endothelial
500,2.59009698275588,12.7597782844409,endothelial,endothelial
738,8.66780855348822,16.7261009511115,endothelial,endothelial
623,3.0783931987258,12.5724407295707,endothelial,endothelial
574,-1.45129328258445,-16.120103951287,endothelial,endothelial
323,-16.3049614148104,-8.64928599748073,endothelial,endothelial
44,-16.1411883100938,-8.48731268662091,endothelial,endothelial
295,7.15684081690376,9.70808856451101,endothelial,endothelial
157,10.1031028856809,13.6757926729624,endothelial,endothelial
396,25.6974277920809,14.5900493740768,endothelial,endothelial
693,6.30735991572284,4.67601315477092,endothelial,endothelial
92,6.76835225946807,9.87000508432223,endothelial,endothelial
456,-1.47466580171256,-16.6342996275137,endothelial,endothelial
672,3.35838974207228,-27.5092421844414,endothelial,endothelial
372,2.63104849543426,-23.5650534965457,endothelial,endothelial
379,17.7059314706727,-1.30324404816362,endothelial,endothelial
73,-16.3482644954311,-8.47259754280387,endothelial,endothelial
535,-22.0790402138498,-15.4395407976254,endothelial,endothelial
1863,40.9355676342346,9.07755768202444,endothelial,endothelial
1423,-16.2818759091397,-8.43554018960417,endothelial,alpha
1235,-6.66185761949032,23.9370289879511,alpha,alpha
1582,4.66790699628356,21.1051732301127,alpha,alpha
1688,-21.8494713850264,-8.66962702625782,alpha,alpha
1173,23.8269578583379,-6.47995572735268,alpha,alpha
1644,-2.56902305630013,21.7784991981514,alpha,alpha
1694,4.83058798547335,4.50817593169315,alpha,alpha
1348,3.85414732421767,29.1855382639071,alpha,alpha
1383,5.53947529624131,-17.3926168154073,alpha,alpha
1357,3.41119228262412,29.5894862067348,gamma,alpha
1183,5.34045440155663,-8.11078507554982,gamma,alpha
968,40.4841247619503,5.71485143475211,gamma,alpha
1685,4.3978672547145,-11.7854097881273,gamma,alpha
1039,4.46846476356217,11.8911680236111,gamma,alpha
984,5.2895359507321,-15.3914760825462,gamma,alpha
1240,-0.316159402391034,27.1297745946502,gamma,alpha
1671,-31.1010817261657,-6.7125996189798,gamma,alpha
1711,6.43218156298949,23.3497498077197,gamma,alpha
1815,4.1025943265498,16.4848836083999,gamma,alpha
1086,5.16417050527991,-13.5153766828516,delta,alpha
1663,-0.347564404516826,9.66698962576869,gamma,alpha
861,20.3686174590493,-2.39607545728725,gamma,alpha
1182,6.04367171900399,-16.7273325390065,gamma,alpha
1111,9.94749272364564,-13.3785932447607,gamma,alpha
1264,1.41414182341586,5.15424606505228,delta,alpha
1726,26.607404528527,-6.90551446243121,beta,alpha
1722,-9.98292278632463,29.6847568235562,beta,alpha
1818,4.3682004144994,-5.07399439901756,beta,alpha
1786,6.04179381382877,7.98688135487935,alpha,alpha
1770,24.3702530160149,13.3149696862416,alpha,alpha
1830,-0.991023444688675,4.37394255218984,alpha,alpha
1427,-21.767614888455,-9.85077452912755,alpha,alpha
1674,1.79590000738347,18.1542419580714,alpha,alpha
441,25.4758463492015,14.9795593942801,alpha,alpha
538,-26.8038794307145,-10.0924379818369,alpha,alpha
1729,-34.1619348189159,-7.70021703121616,alpha,alpha
1481,-8.45125282099409,20.5933632685248,alpha,alpha
1469,-20.1655414116414,20.4672598688802,alpha,alpha
521,2.647702563171,-35.9340624330626,alpha,alpha
1673,3.1994071851745,-39.1638335270021,alpha,alpha
1606,7.32653233987366,-36.6397035500365,alpha,alpha
1326,-13.7005366362914,25.6237030184728,alpha,alpha
1008,6.59156885439839,-40.5343464302407,alpha,alpha
1665,-9.97577560448216,23.9247529724287,alpha,alpha
971,11.2806787469394,-31.402052372423,alpha,alpha
1649,1.12183109514771,-21.8068697458941,alpha,alpha
1070,-1.92013973062279,7.44391495616633,alpha,alpha
1236,2.75015104217672,-39.8089663897471,alpha,alpha
1371,-10.3467193050246,11.3267282503547,alpha,alpha
1026,1.75093787902114,-33.8873355066227,gamma,alpha
1344,7.71968289162917,-29.4056825339142,alpha,alpha
1760,-15.7688445523454,15.4474154149118,gamma,alpha
1424,-17.9540142715048,12.5966237674683,alpha,alpha
987,7.73405925580973,-35.6373811679588,alpha,alpha
1031,-16.550496196351,25.8425510930616,alpha,alpha
1727,-10.9912752925097,8.07358918600086,alpha,alpha
1255,-9.2520781750989,9.60597526198358,alpha,alpha
1741,-13.5524510717792,16.4299167080514,alpha,alpha
1397,9.69560469315269,-30.0204566923997,alpha,alpha
1784,-15.8148266421036,9.23620283039518,alpha,alpha
1421,-18.0614702733845,12.3790656368979,alpha,alpha
1696,10.9974260165278,-26.69746662854,alpha,alpha
1233,-15.1057726469219,19.0438213838834,alpha,alpha
1004,-19.1437372040371,24.8928006563088,alpha,alpha
1675,3.51392139161937,-36.0828452816024,alpha,alpha
1452,4.41290224354615,-33.9294986782309,alpha,alpha
1021,-9.46800327345015,7.77552688679095,alpha,alpha
1209,7.30184218015382,-39.234061477696,alpha,alpha
914,-32.2725995579718,-1.57513637818864,alpha,alpha
1557,3.33903297033953,-38.5744440537258,alpha,alpha
1781,-18.848375947619,12.2868993871243,alpha,alpha
1684,-15.942982695648,12.6832362082303,alpha,alpha
1285,9.61330925365582,-37.1140864444114,alpha,alpha
1402,11.3711790212504,-30.6310306818346,alpha,alpha
1003,-9.96614851700145,12.1243569912911,alpha,alpha
1193,6.88892770340447,-39.417485151258,alpha,alpha
1701,6.97703574099201,-39.1130800930107,alpha,alpha
960,3.92815872560954,-39.1670334307017,alpha,alpha
1292,-15.6678264089773,16.8578048782902,alpha,alpha
1578,-12.1336329154709,19.6617613887749,alpha,alpha
980,-11.5472552747463,10.3069614156729,alpha,alpha
1718,4.7174646440618,-41.0947313419297,alpha,alpha
993,-18.0496225517046,27.0602079102356,alpha,alpha
1345,32.2390417241424,-8.57820827264798,alpha,alpha
1584,9.48709927019862,-37.0917855122677,alpha,alpha
1069,10.1064948047578,-33.9807532326994,alpha,alpha
1386,-35.2469597097932,-2.72590244990757,alpha,alpha
1106,-8.87269529869125,21.1594569029543,alpha,alpha
1071,-7.04929218562781,8.52489574108152,alpha,alpha
1639,-18.7557556801853,23.0543997968156,alpha,alpha
1740,-14.8899569754807,24.2691742844082,alpha,alpha
1238,5.1783909840231,-25.5282320607594,alpha,alpha
1057,-13.5653649503437,25.954329095115,alpha,alpha
1032,13.6952548137218,16.7855355274876,alpha,alpha
1105,-8.65727413340991,11.9178530306303,alpha,alpha
969,9.32492019841889,-15.3533130466727,beta,alpha
1302,-16.3209747458613,11.3661865632224,beta,alpha
1009,29.9148100439701,21.0386899070175,alpha,alpha
1362,-3.06509912227153,14.2792188808873,alpha,alpha
1028,3.16850389202285,-25.1850482278901,gamma,alpha
940,-11.295496414779,30.1681149788321,gamma,alpha
1666,-8.14137748003631,8.97239485005003,beta,alpha
1281,1.51946019991332,-0.276975200492409,beta,alpha
494,10.641629222205,-17.7358025905759,quiescent_stellate,alpha
1258,21.5400102721427,-2.21984137996471,alpha,alpha
1370,4.89377761248642,7.26864802395245,alpha,alpha
997,41.2867572786916,5.26643357350654,alpha,alpha
1621,4.34765763147668,-11.7348619646178,alpha,alpha
1301,12.5385314121785,16.4858220803424,alpha,alpha
949,4.25093371968332,8.63593648653849,alpha,alpha
1095,5.96644063643269,21.9311323847524,alpha,alpha
1094,40.3612570289171,7.19846044091323,alpha,alpha
1659,7.33430492191865,-13.6718781210815,alpha,alpha
1018,-30.9271035227176,-5.55728820025184,alpha,alpha
84,-24.9359573518257,-9.78249263109709,alpha,alpha
1165,0.692112303933193,10.3541175042781,alpha,alpha
1654,3.94315914630884,30.6881831628255,alpha,alpha
1573,23.8852048783921,-6.58069057341335,alpha,alpha
1521,6.04759733159841,21.6992439569809,alpha,alpha
1456,41.8231451430629,10.2517900337582,delta,alpha
362,-23.7663238944568,-12.6515370402476,beta,alpha
1399,28.7964165305064,19.4844080456158,alpha,alpha
1091,3.78103078086745,-11.5492714120796,alpha,alpha
1378,7.1636392160001,7.91145890164831,alpha,alpha
857,28.6664872183936,18.9718265358731,alpha,alpha
1642,10.1572010570428,17.7083361667806,alpha,alpha
1176,-10.6549251509403,24.6975175132049,alpha,alpha
1167,-24.2457603145708,-8.71608878665803,alpha,alpha
1646,-18.1030682412094,-13.6321623541173,alpha,alpha
1511,24.6491164680899,13.7828427121936,alpha,alpha
1178,-19.9426176496018,-12.7935136006053,alpha,alpha
889,-19.008121334931,-13.7932996850303,alpha,alpha
1774,7.73898180489648,9.63228541190219,alpha,alpha
907,-19.4140018092533,-8.49513768292233,alpha,alpha
1554,-24.4484932159284,-9.82292806585142,alpha,alpha
970,-22.7766874834662,-10.2891528006676,alpha,alpha
1609,-17.4243943754957,-10.2050119481929,alpha,alpha
870,4.85386343375601,23.1192947792107,alpha,alpha
859,-21.4630997045032,-9.76173570452664,alpha,alpha
1698,-20.9590690423852,-13.4806748921073,alpha,alpha
1586,-22.3209974837938,-9.95770398257123,alpha,alpha
1597,4.70618429541536,27.6463929861261,alpha,alpha
1337,-19.3141632557981,-8.21307222857354,alpha,alpha
1414,-18.2900719079695,-13.6444134553363,alpha,alpha
1000,4.86798304189286,-13.1341132612206,alpha,alpha
979,3.49586030283796,-17.1505459472926,alpha,alpha
1569,-26.1589619006827,-10.0641653376909,alpha,alpha
1368,20.8796887620545,-2.86179519346162,alpha,alpha
1304,-20.0939441360912,-8.21840457640499,alpha,alpha
875,24.6516268299495,13.7524011504737,alpha,alpha
1382,-19.3875914815362,-12.2605060369212,alpha,alpha
894,-17.3417040555296,-8.34240636042514,alpha,alpha
1603,17.5243509504684,-1.32565773868841,alpha,alpha
1564,-16.9961775280984,-8.38974269876262,alpha,alpha
1224,-14.2899186449224,14.0581620514537,alpha,alpha
1192,-5.08999799271905,11.3987233517416,alpha,alpha
1585,-17.2256492782655,24.3507578021929,alpha,alpha
1254,-30.0752436887846,-10.2560297021218,alpha,alpha
1541,-15.5091713366642,21.1111111623059,alpha,alpha
906,-16.6611668407814,27.0773274610445,alpha,alpha
835,-15.1489315963807,18.9523429354071,alpha,alpha
286,-18.4830037100033,20.5584703065169,alpha,alpha
846,1.04207828010112,-32.4939750834108,alpha,alpha
1194,-12.0101786783008,8.77549155415475,alpha,alpha
1190,-18.5648610268097,12.17961591377,alpha,alpha
1322,1.61090140044324,27.7645468465786,alpha,alpha
1600,8.86486210726941,-38.1755936214479,alpha,alpha
1157,2.67684050659741,-36.9430742035192,alpha,alpha
892,-20.0152643538497,20.6302746686646,alpha,alpha
1651,-19.0396677211897,21.0181898124765,alpha,alpha
1051,-15.0709323097612,15.3111858811342,alpha,alpha
1648,-18.7419440449079,23.7432039502288,alpha,alpha
878,-16.8561311502477,27.157417675325,alpha,alpha
1016,-16.7602535553028,18.7193488608312,alpha,alpha
1272,-14.3096350082303,17.1503181302693,alpha,alpha
1011,-18.4794429280046,10.6353879366875,alpha,alpha
1334,-16.5163424627258,26.8774177036494,alpha,alpha
1700,5.8365822031036,-35.5029950094519,alpha,alpha
1599,-19.2355934276003,21.824202952546,alpha,alpha
1006,-16.1636261137193,8.11920367456395,alpha,alpha
975,-13.9787551821182,25.1305995116206,alpha,alpha
1633,-18.2351304869929,20.656219721726,alpha,alpha
1517,-17.8163628130524,21.5405699395635,alpha,alpha
1555,9.03471568871436,5.42140813448237,alpha,alpha
893,-14.9194318690556,9.20836107386747,alpha,alpha
1277,-7.55339583298365,13.1583068056014,alpha,alpha
1284,2.98525984547335,-35.9144246168172,alpha,alpha
1591,25.023043136885,14.8806058421431,alpha,alpha
1385,2.09940600300503,-21.4869493303878,alpha,alpha
573,-13.3130332810116,20.411388575823,alpha,alpha
890,1.07403356468944,-31.4716336098953,alpha,alpha
1052,4.98035298387797,-34.1874081258202,alpha,alpha
884,8.64891395917196,-33.9077373851829,alpha,alpha
1170,0.657546548690137,-25.5932753844458,alpha,alpha
1821,-11.3925624782229,13.6358573573664,alpha,alpha
1840,2.09398572197691,-4.6604721934432,alpha,alpha
1855,1.16019265128507,-7.06337557123688,beta,alpha
1361,5.42652906718257,-39.9010119584148,gamma,alpha
1709,-0.364127790863997,-20.2625029268458,alpha,alpha
1763,-13.1302462733399,23.0082925975426,alpha,alpha
281,29.8480003666819,20.9791331599835,alpha,alpha
1577,10.7796377100439,-19.046336019289,alpha,alpha
950,9.93171483629121,-14.3361144328277,alpha,alpha
978,-12.3728417825415,20.4299356363144,alpha,alpha
1126,-0.765654417602113,20.3716898722084,alpha,alpha
1464,29.414181839397,-7.19041133325967,alpha,alpha
1636,-11.6708741158985,6.03481221814799,alpha,alpha
898,-11.2496685442629,13.8892189053263,alpha,alpha
1266,3.25998538087778,-35.8158233258406,alpha,alpha
1676,3.33727207451731,-26.2817981302346,alpha,alpha
929,8.31302531769093,7.62328037635165,alpha,alpha
1561,-13.3789708914997,28.9388385645893,alpha,alpha
1512,26.715729641493,16.1655081521095,alpha,alpha
1164,0.0212163244186838,24.3465929574544,alpha,alpha
1317,-1.96424301988027,-21.3720091205062,alpha,alpha
1155,-9.36469251305846,16.9798820360147,gamma,delta
1813,2.77336545310388,-18.4980265423983,delta,delta
1025,4.49532684963737,-15.6759295241866,delta,delta
1313,2.13239163281113,12.3320176772953,delta,delta
985,3.4454325390808,16.9194299561596,delta,delta
1333,23.8635984540747,-6.59774651121552,delta,delta
1204,5.41481695940061,20.8035441524252,delta,delta
1280,7.92137272902228,17.3947462807668,delta,delta
989,41.5597985193468,10.0024573458995,delta,delta
831,4.89812825647077,-15.4744149751939,delta,delta
1432,-23.3857384903666,-13.2697403891663,delta,delta
1364,28.4044584642891,19.2058400202788,delta,delta
1221,3.76379422581743,-11.3542052263369,delta,delta
862,11.4848201365739,19.4367428676449,delta,delta
1563,-32.7725346834163,-1.3137015888167,delta,delta
976,-0.604591032427706,-30.4567630769059,beta,delta
24,0.567469098603961,28.040221420638,delta,delta
3,4.81517985405409,-32.9933503278683,delta,delta
91,-0.691364559078593,27.6640487798626,delta,delta
161,13.0670312275421,13.3378350230893,delta,delta
931,-13.0840436205939,26.0351144699087,delta,delta
856,23.834679014695,-3.36992083656366,delta,delta
390,29.7366487430607,-6.81363871869669,delta,delta
5,-30.8373093160912,-5.65676671640143,delta,delta
341,40.2932232845459,6.85874992513144,delta,delta
280,-14.5831312781465,28.2343914802502,delta,delta
1168,-2.40750306028823,25.6865203509103,delta,delta
1188,0.701471980035141,4.53500467659132,delta,delta
592,0.247690019618674,21.3183515311095,delta,delta
882,4.2875938987458,18.5044877030344,delta,delta
730,-33.1494782625099,-8.98599941687362,delta,delta
363,-28.1809203599929,-5.39370046272322,delta,delta
43,-13.6108186760578,25.69757744312,delta,delta
122,-2.12081500504241,8.29112469533166,delta,delta
1307,-27.2022898223069,-5.55932175759198,delta,delta
926,-1.62785061393037,24.7896577967458,delta,delta
855,-14.6740744382987,6.41833539230277,delta,delta
867,-33.3020838730292,-8.24765561656241,delta,delta
1172,-32.904983770322,-8.74788811814852,delta,delta
1230,-32.8713083230949,-2.47927069302629,delta,delta
1223,-22.3395033094231,-15.6275674675162,delta,delta
1259,-1.55784844105228,26.1133876938516,delta,delta
1218,-12.781514968253,17.2018305303873,delta,delta
1196,-34.562004308265,-4.67268981800574,delta,delta
864,2.08183636191758,23.2941799954328,delta,delta
886,42.9933828802984,9.33231279331849,delta,delta
1631,26.4524215761476,15.8231641926863,delta,delta
1287,0.611855854668684,29.0364821868278,delta,delta
881,-0.223565136362323,8.4295998077575,delta,delta
1210,-28.2469105202931,-6.04565570349499,delta,delta
1316,-2.27289135250288,5.3436245954279,delta,delta
14,6.06201457658338,26.8699832947287,delta,delta
1038,40.8573203233266,6.34921794795599,delta,delta
919,-33.0577793609605,-3.81786397440079,delta,delta
1231,-25.3637112001989,-9.49729306415537,delta,delta
691,0.275248316181875,-31.8210399027899,delta,delta
1689,27.1286097273407,-7.08253554084468,delta,delta
1483,-27.2781169838014,-8.65426065623659,delta,delta
921,-0.439224329168226,15.6689042605502,delta,delta
938,4.15192714743094,-12.0906402898446,delta,delta
606,4.82186858529444,25.0306109237435,delta,delta
814,5.13572558664823,21.4942001930337,delta,delta
1869,-9.27804540367565,26.7803192047,delta,delta
1797,41.3046829401542,4.99878518701097,delta,delta
1877,-30.8855682720152,-5.19843995338492,delta,delta
1327,5.88773924917736,-15.1898691378901,delta,delta
1596,1.33333140111416,5.89901854685015,delta,delta
1878,-30.3992240843395,-12.1760099472624,delta,delta
1132,-23.1468826913169,-12.7588253014852,delta,delta
1617,4.31460859886842,16.4230281163126,delta,delta
1046,-0.672709348463699,27.5642091588112,delta,delta
178,-20.2670129874427,-13.1366695511666,ductal,delta
589,-29.4712064529679,-10.2840576877253,delta,delta
1403,7.32502893958856,5.14879180851311,delta,delta
594,9.49772820405547,-36.3201637923913,delta,delta
656,8.96418700897819,-34.6073577723436,delta,delta
866,24.042172987979,-2.25765888664369,delta,delta
1212,-19.3720421246086,20.4469172031895,delta,delta
1532,-15.363891938557,12.8348027269111,delta,delta
39,-8.39020898101673,15.9652660444105,delta,delta
1311,-17.3676154797804,-12.7569668810934,gamma,delta
1504,-20.2029535887899,-8.41576258749888,delta,delta
1669,5.63556346915245,20.877720203866,delta,delta
1044,7.81175940762599,8.29335659504642,delta,delta
1310,5.18666686823971,8.49256120483867,beta,delta
1588,8.66644233378489,19.5316706440859,delta,delta
920,-18.3680278481906,-8.90264707694667,delta,delta
1505,-18.6753617786024,-12.136400159306,delta,delta
1566,-20.7060665443552,-9.2944534432583,delta,delta
1227,-18.3352778455194,-13.4487181927393,delta,delta
1244,-19.9209393264457,-11.8440425407962,delta,delta
1225,-23.9099785793488,-10.9408927865904,delta,delta
1539,-17.8100925494319,-9.46503624124655,delta,delta
1228,-17.5945830393933,-11.6656756599897,delta,delta
1616,41.1198679072453,10.4607522260128,delta,delta
1197,1.8138549713893,-15.2983287848649,delta,delta
1551,21.019981376474,-3.80820432620949,beta,delta
1486,-20.0971797958384,-10.2478903671826,delta,delta
1640,18.9453642473534,-2.23094545377633,delta,delta
1572,-7.42610571582189,20.7314733032715,delta,delta
1253,-19.4297259522306,20.9590908862808,delta,delta
1146,-34.6107913574577,-12.1231969311798,delta,delta
1130,1.4222733386953,0.382356870769018,delta,delta
1314,-27.9844408742699,-10.0880674578005,beta,delta
995,-20.4629279700868,-12.5208745064826,delta,delta
1305,-28.4819213088016,-5.49791865101337,delta,delta
1450,-29.338877617503,-10.406478540153,delta,delta
1503,5.31641010172038,22.3181107030012,beta,delta
1133,-0.66552995926099,25.0268741640135,delta,delta
1472,13.6430421550642,15.2539381831244,delta,delta
1058,40.6842945276318,5.69288059682355,delta,delta
1347,20.9778200614041,-3.03084852483516,delta,delta
1772,28.6524095855217,20.1005972656736,delta,delta
1081,-3.32655347456953,27.9545561446067,delta,delta
1118,-19.1448426630064,-9.97076667381593,delta,delta
1846,2.24079442673658,8.69811721235817,delta,delta
1312,24.0797670784732,-2.59704686886917,beta,delta
1768,12.0514572412801,12.1015127021688,delta,delta
1841,6.73441214612974,-17.0392809879606,delta,delta
1836,7.19264068975631,4.10997132675126,alpha,delta
1447,6.23225472275113,21.3950559908901,beta,delta
1746,-9.21218434653981,26.6742691207103,delta,delta
934,1.82912663268136,-19.5659021237313,delta,delta
1428,-13.0536934755324,26.442430234721,delta,delta
612,25.7899481761584,-6.06663654673034,delta,delta
1524,9.03161819200447,13.9229619805649,delta,delta
922,-2.00059860750418,28.7750769430038,delta,delta
1417,-28.0636387655068,-5.41041031844025,delta,delta
1477,4.32773229640563,-4.52268521378354,delta,delta
1643,5.72381574031075,-17.8115168575657,delta,delta
836,13.374086751335,20.0992435640037,delta,delta
618,0.0451421447934333,-34.8942042757983,delta,delta
1319,-3.2677304616153,27.9769651658857,delta,delta
382,25.5663275272163,-5.70361693799519,delta,delta
682,4.75324225559744,-25.8068338724126,delta,delta
1607,-28.2241578281975,-10.5272950937048,delta,delta
1565,12.2155400698046,12.0574960395887,delta,delta
1480,-10.1210655173523,28.3591486390364,delta,delta
1479,1.67795824791221,18.9393152231116,delta,delta
1466,4.05145075055179,22.5991576008415,delta,delta
1463,5.31939685727799,-7.47885846943322,delta,delta
1388,13.3622087576551,14.9701049217846,delta,delta
1474,4.63286130956354,24.5277412428532,delta,delta
1489,3.75786737538765,23.443874287726,delta,delta
1635,8.06112138252711,19.4128236505847,delta,delta
1832,0.690077180431928,25.6049812143056,delta,delta
1398,3.16367043599055,18.8058076331904,delta,delta
1078,4.9329714001453,-20.2720184377815,delta,delta
967,9.4368555082293,19.4629437761134,delta,delta
1380,-0.00019808156015588,27.279498029976,delta,delta
490,-25.9612151146445,-6.77702397576304,delta,delta
1487,-27.5582354973722,-8.45248966046757,delta,delta
111,5.97483151929424,22.6843101614958,delta,delta
96,-29.5772547936116,-10.0510354558409,delta,delta
572,-16.7803847677969,-9.06574160593225,delta,delta
166,5.7711979146933,-15.8898890092311,delta,delta
1384,40.5609975641081,6.40853813690002,delta,delta
991,24.8934613679329,-4.61028794608996,delta,delta
1703,-12.5628517920739,11.5204267828343,delta,delta
604,-17.1144166396038,11.6790808141797,ductal,delta
1879,-17.5002700772997,15.9137104382314,delta,delta
1488,-16.6670869389578,19.9949545259514,delta,delta
388,-19.2729581518333,-8.22927642321192,beta,delta
1538,-33.8939699444927,-8.96999164807457,beta,delta
1329,-11.0227135037681,24.8694052735099,beta,delta
1530,5.49161941116759,-13.7960083637616,gamma,delta
966,-18.8094503840367,-13.3628208875664,gamma,delta
588,5.14517903338568,-13.3391414118567,gamma,delta
51,-3.06419416765635,21.4609599041781,gamma,delta
167,5.29365704544562,-18.7943826961776,gamma,delta
33,43.0567912288863,7.62380715487903,gamma,delta
1495,8.04846246137171,20.6042073727941,beta,delta
941,1.63825112814061,-15.3902462437388,gamma,delta
1273,23.370550026762,-3.96738212069641,gamma,delta
932,1.57224375302875,-18.2056893496547,gamma,delta
475,4.61314614454229,-19.0185884059562,gamma,delta
406,3.09403868220696,18.5271755850882,gamma,delta
417,6.09750465926485,-15.7201495345079,gamma,delta
228,0.578966206317646,19.3733578503449,gamma,delta
671,-19.6401913226807,-11.8818505321366,gamma,delta
524,25.2344547964717,-5.92660595851335,gamma,delta
405,22.112080278225,-4.34261292212938,gamma,delta
212,-20.1190598524622,-10.7931854568007,delta,delta
231,8.54474040621238,-18.897800554205,gamma,delta
791,8.79168503146344,-18.5033160018069,delta,delta
565,8.78455904386536,-23.605556999621,delta,delta
712,31.9353708391227,-9.09573759124688,delta,delta
1769,-15.0576720510528,27.080928866499,delta,delta
613,-8.69556237850246,6.11656227987123,delta,delta
1515,-31.1247166737522,-4.04444122818697,beta,delta
139,-35.2478192527149,-8.99517377726106,alpha,delta
242,-33.5379585552346,-9.7780006293136,delta,delta
146,-33.3065282514348,-2.72507726209747,delta,delta
551,-26.1408025005757,-8.18893315881731,delta,delta
701,-35.8858996135442,-3.61499743038591,delta,delta
156,-33.8370793181724,-12.4344715014939,delta,delta
431,-34.8830839306386,-4.88682220903516,delta,delta
913,-7.3288530655889,18.3119629912472,delta,delta
1177,-33.3522142864403,-12.5530380228562,delta,delta
526,8.02674021180296,-17.5225345351063,delta,delta
745,-3.11522535925815,-18.7783023272245,delta,delta
1508,-6.75170208324262,23.7994222378508,beta,delta
487,1.62310608819594,-32.1525229629234,delta,delta
217,41.3194776543906,5.87521990932792,delta,delta
694,-35.0714903365038,-9.28546659183156,delta,delta
495,-35.2420310167662,-8.24192177932103,delta,delta
439,30.9834303178829,-8.06939092187023,delta,delta
415,-25.7189263573952,-7.58201885067943,delta,delta
432,-0.329919233001869,8.03483528125439,delta,delta
506,-30.8474004080195,-12.1892030989808,delta,delta
508,-32.2767361859275,-1.87055581108535,delta,delta
427,-34.5926159751427,-3.56514549366064,delta,delta
517,-30.9823265169456,-6.24757660923733,delta,delta
520,-34.7695483415948,-1.97257752883419,delta,delta
246,7.7282048911253,-13.4645477520758,delta,delta
1084,1.72345936764318,21.9259183708259,delta,delta
540,-16.6645031938064,24.5182521175455,delta,delta
412,-33.3391779043263,-3.42692890212376,delta,delta
398,32.5199892439757,-8.28853080218771,delta,delta
741,31.0228634809331,-8.22442011457729,delta,delta
530,-0.830969589579147,-27.2255189195208,delta,delta
776,0.502302203313515,-25.4636594337686,delta,delta
503,-33.3013602645738,-12.0297144756471,delta,delta
813,0.308654856958632,5.39249802149388,delta,delta
437,5.43167454000301,18.90609990204,delta,delta
1732,5.10928192422169,6.48248583116487,alpha,delta
1704,-22.2432864805574,-14.7179171810032,delta,delta
1475,3.54798152406858,29.3824882301657,delta,delta
1809,11.6163428164796,22.0740358770279,delta,delta
547,6.14962767947134,21.9735016406952,delta,delta
532,3.88193246459611,-27.3018145818725,delta,delta
245,-23.8989192154573,-10.5802219291374,delta,delta
254,-28.8520254083245,-11.5079006838234,delta,delta
736,8.24038559365071,19.6369758787977,delta,delta
1137,3.46070772524728,-17.5933014552362,delta,delta
226,-2.03002984187331,24.6893489958606,delta,delta
465,-19.6156130552647,-13.0077180717593,delta,delta
400,-31.0702762170279,-4.44633039073569,delta,delta
514,9.34700263413016,22.1511776322929,delta,delta
539,-10.9969128496709,29.4985281798692,delta,delta
136,10.3122118768639,22.4042900994032,delta,delta
718,27.3399312631969,-6.31966546844218,delta,delta
220,-29.7252207682289,-11.3670087308832,delta,delta
688,-17.3577011935663,24.9519677991986,delta,delta
1691,3.34798839884213,-31.9064013080552,beta,delta
83,-2.19630245882917,7.61970222394523,delta,delta
689,1.64203697173985,-6.84382721524826,delta,delta
205,1.69220123992737,-18.366470524402,delta,delta
225,6.59449557908901,-24.0709117344669,delta,delta
704,29.6791674594368,20.23236776865,delta,delta
1083,1.46234881832081,-15.5432258711557,delta,delta
1053,-14.5709160316176,28.3468724732989,gamma,delta
505,0.815393881516211,10.8226438655939,gamma,delta
1115,29.8442991826416,20.513032073692,alpha,quiescent_stellate
222,8.83505578600786,-23.7947014686193,activated_stellate,quiescent_stellate
646,-33.5098975654819,-3.08831582136293,activated_stellate,quiescent_stellate
784,28.9294052478082,20.0910604379437,activated_stellate,quiescent_stellate
546,2.85414533088035,18.9933176062173,activated_stellate,quiescent_stellate
1702,-6.03488728507012,19.6602731056591,activated_stellate,quiescent_stellate
1765,25.8394734231306,15.3308184491228,activated_stellate,quiescent_stellate
1346,-10.8097010481406,25.4990498398755,activated_stellate,quiescent_stellate
1391,20.615703442369,-2.49519512702335,activated_stellate,quiescent_stellate
1124,24.877364027277,-2.86653460089163,activated_stellate,quiescent_stellate
1059,22.4035324734365,-1.99413896448515,activated_stellate,quiescent_stellate
1107,7.59530877779717,-31.5006990462041,activated_stellate,quiescent_stellate
1394,4.08479268463701,-5.00466026472517,activated_stellate,quiescent_stellate
1222,-1.5769255071093,4.68441263988382,schwann,quiescent_stellate
1556,3.76780284260744,-24.7902497756201,schwann,quiescent_stellate
287,-5.30729892768739,6.65230784783358,schwann,quiescent_stellate
279,24.2765332199463,-5.69692526550025,schwann,quiescent_stellate
1525,-8.94163400843765,29.448160155175,schwann,quiescent_stellate
312,8.00948197853996,-23.2871963238681,endothelial,quiescent_stellate
1446,16.5519453863284,-1.14037762927292,quiescent_stellate,quiescent_stellate
1844,30.678448761175,21.4119240230844,endothelial,quiescent_stellate
716,20.0671424846991,-3.56423744261105,quiescent_stellate,quiescent_stellate
234,-2.36246745332784,13.6041597136362,quiescent_stellate,quiescent_stellate
625,5.66786865367899,-9.86899491932016,quiescent_stellate,quiescent_stellate
1359,-14.7546806477543,16.3816431239206,quiescent_stellate,quiescent_stellate
1104,1.89368140223344,21.432643839023,quiescent_stellate,quiescent_stellate
696,11.9900756196354,13.2546938803743,endothelial,quiescent_stellate
1116,-7.25029517638873,13.9029512792939,quiescent_stellate,quiescent_stellate
420,10.3076540312223,-19.781793171943,quiescent_stellate,quiescent_stellate
253,25.2632641687316,-6.58061851906279,quiescent_stellate,quiescent_stellate
195,3.22314584678644,-4.76655044029209,quiescent_stellate,quiescent_stellate
771,26.727944705724,-0.471404449589908,quiescent_stellate,quiescent_stellate
105,-11.2880139305461,14.7032262443536,quiescent_stellate,quiescent_stellate
207,2.21704617886309,-10.0083086301902,quiescent_stellate,quiescent_stellate
79,-0.193777620967266,19.4613173380113,quiescent_stellate,quiescent_stellate
504,3.13808905379152,-4.73068449344597,quiescent_stellate,quiescent_stellate
126,7.09184749859253,26.2795043297356,quiescent_stellate,quiescent_stellate
444,16.7642112063059,-1.25042793639035,quiescent_stellate,quiescent_stellate
291,1.82242620501053,1.84745007140008,quiescent_stellate,quiescent_stellate
1476,2.8871957928306,-3.47929102459802,quiescent_stellate,quiescent_stellate
1490,29.1477601463979,-6.82386396131829,quiescent_stellate,quiescent_stellate
107,-2.59415514561035,24.7249850072572,quiescent_stellate,quiescent_stellate
1728,0.940870776976806,1.51814224324318,quiescent_stellate,quiescent_stellate
489,8.31156903050464,15.1164045139382,quiescent_stellate,quiescent_stellate
1864,-0.00101192968755415,21.6315117595956,quiescent_stellate,quiescent_stellate
370,-9.97800259465487,11.9692827131672,quiescent_stellate,quiescent_stellate
1139,-0.301977788357159,-17.2924127154404,quiescent_stellate,quiescent_stellate
1850,2.19794306681819,15.6949239537902,quiescent_stellate,quiescent_stellate
391,-5.72248474030865,8.76324357073148,quiescent_stellate,quiescent_stellate
653,9.18053002582663,-24.1072314592552,quiescent_stellate,quiescent_stellate
25,-27.4652527297652,-9.66107392684387,quiescent_stellate,quiescent_stellate
663,41.7764663444509,10.2512697484237,quiescent_stellate,quiescent_stellate
1798,7.30921392711034,12.634668946338,quiescent_stellate,quiescent_stellate
18,2.4450202035707,-1.13011104130881,quiescent_stellate,quiescent_stellate
110,9.05980124375378,-26.8744404963912,quiescent_stellate,quiescent_stellate
1838,4.84703250381441,-15.2156879417997,quiescent_stellate,quiescent_stellate
1806,3.73008301929168,-33.5971953679414,quiescent_stellate,quiescent_stellate
1885,4.44808273867834,5.11624662254897,quiescent_stellate,quiescent_stellate
1470,1.21386126788033,-24.2456965841314,quiescent_stellate,quiescent_stellate
1478,4.16550227474139,16.0528955065577,quiescent_stellate,quiescent_stellate
1471,7.12640956747229,-35.6934915743641,quiescent_stellate,quiescent_stellate
522,23.3076671867723,-2.23854963165803,quiescent_stellate,quiescent_stellate
595,4.34150034320524,-7.22131746748477,quiescent_stellate,quiescent_stellate
276,3.76220591659911,5.62677144714909,endothelial,quiescent_stellate
737,25.087611535584,14.2132721594021,quiescent_stellate,macrophage
46,-14.7312822350661,9.10169071333639,beta,macrophage
553,7.52882841410206,-31.9371048060163,beta,macrophage
793,-11.3088241060019,29.7853215486278,macrophage,macrophage
549,-16.6937345324034,9.42637745913672,macrophage,macrophage
665,-12.5781335153921,10.8008170454124,macrophage,macrophage
1886,2.6513196339682,-34.1652953443336,ductal,macrophage
383,1.5743391663044,-30.9916461481753,macrophage,macrophage
478,-8.09817060617871,28.8442132213355,macrophage,macrophage
356,8.83667204366416,-18.6347021085487,macrophage,macrophage
365,2.73687426917719,-4.62844467967798,macrophage,macrophage
160,-0.899547427625983,-33.7399686263664,macrophage,macrophage
463,-12.7182498223183,5.89517993991828,macrophage,macrophage
1465,0.98542296132015,-26.5641827421441,macrophage,macrophage
1128,-9.25130269983549,6.11406220243124,macrophage,macrophage
790,7.29837097317706,-24.2016865805741,macrophage,macrophage
116,-14.8812842566676,9.19786889807008,macrophage,macrophage
1054,-0.26868644198282,-36.31105281456,macrophage,macrophage
419,-16.7131762285695,14.8629448589203,macrophage,macrophage
124,7.7717102783958,-39.0270890359375,macrophage,macrophage
770,-8.98636821194212,7.84233754442043,macrophage,macrophage
1820,1.42966348299438,-6.74094780822609,macrophage,macrophage
755,2.32289696774373,-34.4785494275121,macrophage,macrophage
1379,7.81674063718545,4.36846773210528,macrophage,macrophage
1074,7.34970601670691,15.7109743031903,macrophage,macrophage
1724,7.58139335185627,-22.5339722685023,macrophage,macrophage
1445,1.79149345180339,-14.6891823615193,macrophage,macrophage
1723,-13.0653330581306,16.4166390975151,macrophage,macrophage
1406,5.39808798366744,-39.6480887031069,macrophage,macrophage
1020,-16.8351797342455,15.5283112376077,macrophage,macrophage
1801,9.64358152122564,-14.255089474629,macrophage,macrophage
112,7.47848103784986,-22.5052541945725,macrophage,macrophage
1125,0.0756956402544222,21.9630672083182,macrophage,macrophage
376,7.51324888354247,-22.9847598778359,macrophage,macrophage
1027,-5.29877638412381,19.5452616064665,macrophage,macrophage
1374,-2.27234624089984,3.90929135467305,macrophage,macrophage
1073,-8.46667485684988,28.8766269577697,macrophage,macrophage
1656,-1.71343559343252,6.49534431389752,macrophage,macrophage
1282,9.0090043533254,-30.7225781747869,macrophage,macrophage
1030,-13.5846281498868,14.4283203290498,macrophage,macrophage
1870,26.8942522887747,-0.602399408325906,ductal,macrophage
1871,-1.04384756242089,-14.8764216158766,ductal,macrophage
1849,6.61436740028569,12.7204499076945,ductal,macrophage
1881,29.7077697612309,-7.52304226132935,ductal,macrophage
1822,4.77684347139627,-15.2791586567122,ductal,macrophage
768,-3.50073993226196,4.28597469151229,immune_other,macrophage
647,-3.29821640500124,2.29731392084854,immune_other,macrophage
162,-7.08080824213988,18.1690373891728,immune_other,macrophage
334,31.4352857560209,-8.32968547695282,immune_other,macrophage
1042,10.8194967483454,-16.8223605550155,immune_other,macrophage
1444,4.86123095275313,-26.741614228912,immune_other,macrophage
1811,2.63861295993533,21.5115484202022,immune_other,macrophage
798,5.38777256728447,-42.1412327943201,T_cell,macrophage
1467,-2.82384578507169,28.0543178929204,T_cell,macrophage
1440,10.0163639197571,-26.8037840769867,T_cell,macrophage
1859,9.11628315883731,-29.2145102596781,T_cell,macrophage
120,5.02786100637673,-26.9869736688604,endothelial,macrophage
1857,-2.20849727043905,13.5787320211605,endothelial,macrophage
479,-1.14331189956183,5.54619200527118,endothelial,macrophage
1697,7.59627489870031,-32.1399698672384,endothelial,macrophage
821,-7.99876749878346,14.7464615338669,endothelial,macrophage
1775,1.61643841775646,-9.12614855553215,endothelial,macrophage
1491,29.4278784254687,19.5657847045477,endothelial,macrophage
1808,5.06791668924723,3.77768278448755,endothelial,macrophage
1062,1.56500240372348,-9.57190643178829,endothelial,macrophage
622,9.55274646362146,-19.0077944390877,endothelial,macrophage
1451,40.6786439400609,6.78103446244757,endothelial,macrophage
1413,-0.771519121259479,-16.3567025084427,endothelial,macrophage
1744,-13.5508681809233,12.6717081400224,endothelial,macrophage
1436,18.745677518087,-2.75431101279275,endothelial,macrophage
100,6.51733096507257,-34.9173189233257,endothelial,macrophage
275,0.751055134130092,1.13192288814096,endothelial,macrophage
1441,-2.23796771428089,-15.7516494446121,endothelial,macrophage
1845,1.91347990432562,-0.0237893588620527,endothelial,macrophage
1860,-6.0523567415032,8.52015102209795,endothelial,macrophage
1783,-20.4865887124009,-15.1003191756111,endothelial,macrophage
1731,8.87332761137569,10.8244306838513,endothelial,macrophage
1787,19.3436921774897,-1.98231229770113,endothelial,macrophage
1799,7.92503705482178,-26.8663483995383,endothelial,macrophage
1733,24.8070781858224,-6.11836585828901,endothelial,macrophage
1755,3.06413806654336,-20.1580366507592,endothelial,macrophage
1805,5.24422865139223,10.6397257134063,endothelial,macrophage
1715,2.11508312469544,17.1284891894925,endothelial,macrophage
208,5.94225600456327,-16.691259949567,endothelial,macrophage
188,13.8356897305494,15.1743085376675,endothelial,macrophage
1096,17.5740266478115,-1.53804219292904,endothelial,macrophage
1411,17.921430657543,-2.08231720606938,endothelial,macrophage
1829,4.98026245938879,-12.1827548898498,endothelial,macrophage
1142,3.50471477342342,-5.19440724544679,endothelial,macrophage
483,40.8732191292282,6.9226967034153,endothelial,macrophage
568,-4.78490378747303,7.68249914669087,endothelial,beta
1185,40.8384924285098,7.53873759776875,beta,beta
577,-31.67036064619,-12.1926506311479,beta,beta
600,28.84175459922,-7.48655528857324,beta,beta
628,2.12388872182968,9.77837998000492,beta,beta
309,4.03010517906305,-16.7623250336831,beta,beta
45,-13.0502066065602,26.370211953414,beta,beta
422,3.95975813209956,-12.1478422604202,beta,beta
241,25.1609168088107,-4.03242364623816,beta,beta
152,-2.51538398678603,24.1972605465481,beta,beta
173,3.02937391907399,30.3594752116174,beta,beta
1131,-20.2712803302825,-11.4225220091556,beta,beta
634,3.20978450621832,-13.6589438896084,beta,beta
41,5.85082478959172,-16.5420065458585,beta,beta
72,-27.286283125547,-10.4117178263396,beta,beta
310,13.2425745227838,13.7939913741521,beta,beta
282,29.0137894956768,-6.64423335304392,beta,beta
314,11.4942611104822,19.184579171857,beta,beta
347,1.95909358007508,19.2123380937155,beta,beta
21,1.82487415502157,-24.3363760960657,beta,beta
315,-23.2893006413361,-14.3453908573225,beta,beta
529,-0.184483452807322,24.4486156756872,beta,beta
1430,5.02908178672128,-25.7263761919767,beta,beta
1883,-17.4515705962222,-11.9046130823223,beta,beta
94,29.2658300817856,20.0193784391464,beta,beta
230,41.622425416199,6.42637029790389,beta,beta
763,-29.5040461981777,-11.9484621485644,beta,beta
778,7.25598090180255,7.48394773269544,beta,beta
507,1.60050565394796,24.310270117506,beta,beta
1138,-28.7451429784343,-11.0818001989269,beta,beta
1418,3.47284988145875,-21.2033350468946,beta,beta
1590,-0.2344889083794,18.8462767940608,beta,beta
792,29.2827726818486,-7.69353917403004,beta,beta
191,11.7578330494162,22.0566182226916,beta,beta
675,5.30343785525339,-7.2668853064575,beta,beta
137,-11.1337963135676,24.7815975948697,beta,beta
17,3.47528546588876,-28.0065717153193,beta,beta
615,12.7350748377976,12.0823831460377,beta,beta
459,3.63455196601341,-19.920506276306,beta,beta
292,-20.4037212748502,-11.1307769000341,beta,beta
1356,-12.8807636586472,27.4840540410855,beta,beta
123,40.9053060016635,6.74228647793018,beta,beta
389,-21.2056894112262,-10.264535923443,beta,beta
86,2.28258521169139,10.5074710329232,beta,beta
71,28.0461352819033,-7.86211323734525,beta,beta
29,-22.2687992532116,-15.865713586224,beta,beta
113,9.11608488917872,17.1025094766377,beta,beta
321,-0.903672304046357,20.0509525459194,beta,beta
318,8.05863738425129,20.1712357727997,beta,beta
373,6.53043047874295,23.6769108407523,beta,beta
649,6.34426797962459,22.6986288498732,beta,beta
218,-10.8067310577057,25.2956026580213,beta,beta
762,-9.36390819732904,28.5266601070816,beta,beta
897,11.0079537792307,-31.2659404612847,beta,beta
1874,8.74003471456903,-29.7403078093947,immune_other,beta
1294,22.6244968183803,-3.2058355759771,beta,beta
1708,-12.5944839252455,17.0524476609187,beta,beta
1713,-13.637896484022,12.9432900348967,beta,beta
1542,-2.76863442059983,3.1095147020965,beta,beta
1460,9.77499608825785,-14.0048597023015,beta,beta
154,28.9250746640393,-8.05786169945312,beta,beta
40,-7.42376431908358,13.7237330212517,beta,beta
316,-0.159544669199283,-35.0593566465554,beta,beta
678,-2.68832722209007,14.101968572758,beta,beta
172,24.5623763957925,-2.39071593853117,beta,beta
23,32.0983239282818,-9.03399226460874,beta,beta
488,1.52663805428079,16.7054590630947,beta,beta
492,10.3571447971667,-27.3797309214501,beta,beta
668,-2.49510183540536,13.6001952431683,beta,beta
446,-3.79143412617849,2.47354624346611,beta,beta
424,-2.22987027184454,4.24241845437774,beta,beta
679,-5.02227371849744,4.05722219906031,beta,beta
121,-0.27549543330497,11.9786954109053,beta,beta
144,-2.90694479322534,2.44984346630361,beta,beta
375,-13.6134127225771,6.63065791314905,beta,beta
353,-13.3604296380646,11.5677939358536,beta,beta
651,8.43531896720101,-31.793270239854,beta,beta
485,4.50701427859917,-6.12558107392396,beta,beta
721,-11.1133017613363,7.89701382479752,beta,beta
385,9.19154200130772,-32.0679229603107,beta,beta
1461,4.84084786151016,-26.5037823305729,beta,beta
229,-17.7463380654154,17.3050390338634,beta,beta
134,0.434478979834369,-34.2760681761003,beta,beta
367,-9.65870386192548,20.0901741028068,beta,beta
764,31.3217599890227,-7.86612635264318,beta,beta
425,-1.90217958963127,-15.5655741331442,beta,beta
1680,-0.554295452825158,-29.9937431282391,beta,beta
1652,8.14837574573344,-19.3938064278888,beta,beta
1595,4.02049684400869,-24.6438499237429,beta,beta
1318,1.10788179573714,-8.35658233811031,beta,beta
1066,-18.4854503600854,13.324685127047,beta,beta
1055,2.05438847214741,-36.9438913687562,beta,beta
15,4.45462895595664,-33.2728587578013,beta,beta
1367,-2.5150886253258,6.06004684577563,beta,beta
1267,2.11494555214429,-26.1203804940119,beta,beta
1681,-15.5703536867031,15.8230718095636,beta,beta
992,4.79609130572722,3.04180025167274,beta,beta
1717,-0.906666681298268,-27.4146329351282,beta,beta
883,-1.85543692579441,2.97058075068021,beta,beta
1771,6.06546297180249,10.6971687748996,beta,beta
1416,-0.812288960344187,-17.0367294617044,beta,beta
1323,4.84327591360709,-26.5132233191092,beta,beta
1226,10.1377034046036,-32.3584897146306,beta,beta
1013,-10.6387064209634,28.4607687476945,beta,beta
961,-12.9823613868016,20.4854161946584,beta,beta
1373,3.4020287057834,-25.307803902045,beta,beta
1462,31.3007599818984,-8.48862355951694,beta,beta
965,0.547489115425966,-8.52033899830565,beta,beta
1415,-12.4580521053412,6.1532887922463,beta,beta
1298,27.5483138892276,17.9048686471768,beta,beta
1404,-14.6205383787265,9.27797426159302,beta,beta
1725,-14.6048308248242,11.2977963445083,beta,beta
1088,-1.15489853276935,-25.3899738545624,beta,beta
1015,42.5304345367742,9.17231350541865,beta,beta
945,-11.9496168382496,16.1966814657938,beta,beta
1321,-12.8965454342918,11.3204045431961,beta,beta
1434,31.7784863257618,-8.67690060045636,beta,beta
1049,23.3272483845447,-2.49769689561596,beta,beta
1276,-3.46993420805156,3.95834447693396,beta,beta
1123,-12.7273902343377,16.3931112060775,B_cell,beta
1409,4.72502591686375,-33.470550441881,B_cell,beta
905,2.39065573774531,-31.4200021035139,B_cell,beta
1637,-36.2190074869797,-3.98874022720669,B_cell,beta
788,2.16660197760158,22.5668409878731,B_cell,beta
263,6.16917821075985,13.1063531941756,B_cell,beta
1140,1.53658148220752,-1.02348506952061,B_cell,beta
1485,3.14733109083282,-15.9610365749834,B_cell,beta
1862,-34.1884957933445,-1.58758768418646,B_cell,beta
1341,10.1568882155268,-15.2618756210092,endothelial,beta
1499,-2.66470224188068,28.7943292427098,beta,beta
1408,-2.89583120302744,21.5402240876219,beta,beta
1608,5.43426533866178,-7.68351020866531,beta,beta
916,-32.4191645461636,-1.35599297091511,beta,beta
1667,-14.3897228162245,5.62116061722448,beta,beta
1288,-33.7205604123797,-6.29424517686346,beta,beta
927,-32.4821498918812,-7.6778210770942,beta,beta
1336,-2.81786390039864,10.2874820143156,beta,beta
1270,30.2777589588379,-7.59560004817263,beta,beta
909,9.60809433173726,16.5711263250643,beta,beta
896,-12.8019419079214,27.3477844873411,beta,beta
1237,41.1654481661303,4.98688073352942,beta,beta
918,1.50575314780718,18.9246413730712,beta,beta
1265,-22.0095311505046,-15.5011824108927,beta,beta
1453,-26.2245138389658,-6.21239624844411,beta,beta
1628,1.99399836128218,-17.9245598454235,beta,beta
1325,8.9267121535435,-30.9494681405155,beta,beta
1498,-23.2441480210482,-14.7540621669,beta,beta
1229,3.05834027042647,11.2275748309351,beta,beta
1045,-20.1937443377751,-13.2184485503097,beta,beta
1245,-33.6011805553895,-7.02637519589984,beta,beta
901,-13.2739613674765,28.4648365233996,beta,beta
1189,-27.9420492888408,-10.6476029659291,beta,beta
1022,2.89531152388752,-31.3731624813721,beta,beta
1331,27.57581818181,-6.1974458322559,beta,beta
1668,3.59846007773454,30.3277520163151,beta,beta
845,1.58021092913148,8.72949598495443,beta,beta
1583,-34.0991896704354,-8.69769976799394,beta,beta
1682,1.39309900288614,-7.58101724890206,beta,beta
1275,-6.94315734757099,18.8215376559758,beta,beta
1570,-29.8001526068707,-11.5705634945021,beta,beta
1605,-28.0621539683661,-5.23988791716416,beta,beta
1171,24.6992154739524,-2.41101036483329,beta,beta
801,-12.4602060009656,26.9424649423053,beta,beta
1835,6.32472573264929,19.589827636205,beta,beta
1601,-9.77839649768281,24.2469881711722,beta,beta
1804,39.7904877008886,4.44362069755164,beta,beta
853,-3.31292253744594,-17.7955316366227,beta,beta
954,29.0692693732747,19.8139277641783,beta,beta
1549,-0.0989031422055388,8.64665606199974,beta,beta
1308,13.0901938940367,13.8449196917463,beta,beta
1234,28.1508278710019,-6.87484198343464,beta,beta
1249,29.1158498237822,20.5220075253145,beta,beta
972,9.02893552730381,19.624548248709,beta,beta
879,1.12435217681061,20.8775094845577,beta,beta
1033,7.93140196720008,19.5898455462197,beta,beta
1162,26.9989555701981,-0.639752899386003,beta,beta
1202,4.33803543386661,2.16152549946942,beta,beta
1154,4.2185374712484,-28.1866967599765,beta,beta
1803,29.5982100979406,20.0527076535098,beta,beta
1109,-15.2253751876995,28.0789305773033,beta,beta
1553,40.5438829395081,7.30801895788802,beta,beta
1625,10.8043279556285,22.5320818906892,beta,beta
1837,5.70592431278663,7.36336531153359,beta,beta
1592,-30.8036958999289,-12.3821066901046,beta,beta
1516,2.83606281999346,-28.0061894227083,beta,beta
1278,2.38358441191425,8.93387363160229,beta,beta
1147,3.57299705504897,23.3250151949084,beta,beta
1214,-3.27026979220351,-17.64819363291,beta,beta
828,-32.3968981270789,-12.3732204788694,beta,beta
827,1.80278759070959,23.0678284839852,beta,beta
302,3.08487854111035,29.3457208447246,beta,beta
1261,3.49087641934833,21.159450249624,beta,beta
1448,13.5438806389369,19.622536686719,beta,beta
1439,2.44718157847817,24.7296287345753,beta,beta
1545,13.0690209862755,16.5190166452029,beta,beta
652,-6.8713220508149,18.3693317960142,beta,beta
1093,-26.8045583800763,-10.4978959316125,beta,beta
1246,7.35321549241783,5.7048366811757,beta,beta
1647,-32.3734881477237,-12.2973064583912,beta,beta
1614,7.88433978246704,5.02906407359509,beta,beta
937,-32.5115844387318,-9.93545572787237,beta,beta
1206,5.35374340569633,-7.98149015561149,beta,beta
1802,27.8726862307569,-7.32743898366582,beta,beta
948,4.74023608220162,-5.84051740593884,beta,beta
988,0.405061605590394,-19.4114123973876,beta,beta
1286,-22.326001458845,-12.5674554486582,beta,beta
1306,2.03257483372891,-35.0487304079339,beta,beta
1638,26.1709568716963,-6.46702266029759,beta,beta
1211,1.86375117808429,13.6072159576848,beta,beta
1376,6.66846615841279,-40.3838572083682,beta,beta
1232,9.30857186342939,-29.1307177391386,beta,beta
1012,18.8302027799082,-1.72466355259136,beta,beta
1602,-1.52657963732419,7.52614124781326,beta,beta
1872,2.89765102731891,12.1506935453823,beta,beta
1269,-34.2041033502862,-5.39289021501431,beta,beta
1271,1.50977526617875,-26.6150353186564,beta,beta
1200,-28.6934446118725,-10.6580716007141,beta,beta
1537,-11.1786639626131,5.96325086762109,beta,beta
863,-2.71494625562258,2.67728277635071,beta,beta
1296,8.95727043391178,-27.4620642939093,beta,beta
1023,-8.86456674947704,13.1123004215714,beta,beta
1136,5.4269507862852,-42.0676201357929,beta,beta
1604,0.28217928867415,-27.8306344052652,beta,beta
1029,-11.9252744337039,14.9776883630479,beta,beta
990,-1.5258170079995,2.0534966177644,beta,beta
915,-15.2795302564405,12.4858176761808,beta,beta
1291,-33.2177808380523,-2.38857134374977,beta,beta
1002,-32.2045170128112,-3.11781024551546,beta,beta
944,-2.12114662430096,-28.9356867555836,beta,beta
1375,0.456184688629163,4.72205736966315,beta,beta
1757,-6.57911305798206,17.6778558402633,beta,beta
1293,-31.8832433642785,-9.01799175324377,beta,beta
1050,9.93948415109553,-26.2558009885706,beta,beta
1660,32.1143997394565,-8.54067223712478,beta,beta
1332,-0.791697530264836,6.11659422738345,beta,beta
1749,1.6703742939949,-16.1918871181132,beta,beta
1828,-12.5367029511188,27.7279402930044,beta,beta
1283,-33.9635813749536,-1.05817997908312,beta,beta
935,-33.2025119063198,-3.76264808250578,beta,beta
1579,-32.380866169323,-1.59526271041694,beta,beta
1706,-0.0146522202589684,25.676761393427,beta,beta
1610,-34.5047409320439,-9.11398062667042,beta,beta
1040,27.1376914735307,-0.872999923846641,beta,beta
1587,-33.2421045488014,-12.2303823602208,beta,beta
1396,1.7973662193601,18.8411981309728,beta,beta
1842,-2.83850548250905,10.772125657909,beta,beta
939,-34.1590421526653,-4.20482582222709,beta,beta
243,30.7571224109425,-7.81129814614862,beta,beta
464,-1.38479138461123,29.5766251644234,beta,beta
1739,-16.5742161487092,23.106173783935,beta,beta
891,0.552006579736006,29.8628554864514,beta,beta
1714,29.18180058788,-7.89353370957573,beta,beta
829,-29.4964355279187,-12.1678662048201,beta,beta
1369,-0.465869642255847,8.17707394172385,beta,beta
1098,-23.3825050868019,-15.4441603591516,beta,beta
1854,-2.44059809742974,1.09383559777357,beta,beta
541,-33.7698244824754,-5.67698728246164,beta,beta
1103,24.5963506320655,-6.11787193583217,beta,beta
1792,-2.99387881390923,29.3824919961486,beta,beta
467,41.4005093691024,10.0895682090592,beta,beta
1473,4.39343407688455,4.88779876001683,beta,beta
1097,-29.3126910556131,-5.56472088386304,beta,beta
1833,0.193291745657363,21.4497931268322,beta,beta
1766,-2.23188189351643,25.6794030087499,beta,beta
1876,4.74186531177292,17.0694837407508,beta,beta
1858,5.23474240593068,21.5485349958621,beta,beta
1866,-33.8386744836495,-1.78201505660165,beta,beta
1623,5.26868623822092,7.78983856766934,beta,beta
1861,26.7406866553737,-6.00627906495148,beta,beta
1626,5.01934790442866,-15.3332033790919,beta,beta
397,27.0080769256293,-6.29603527018742,beta,beta
1252,0.325870354202281,24.8014327556174,beta,beta
1395,-34.2513450806119,-9.33390075757988,beta,beta
1839,7.73013700814998,11.550079446492,beta,beta
1875,25.5908741461361,-5.85072014514445,beta,beta
1856,-1.25913036122994,22.5347719852261,beta,beta
1825,1.8724012722859,27.3130541697747,beta,beta
1814,29.8025416687082,20.6637497196351,beta,beta
1751,5.63743884425002,14.6804102762639,beta,beta
1873,4.58170135912916,-14.6426642494093,beta,beta
1101,-12.5962053471342,16.8231710735067,beta,beta
1819,0.785783913664245,20.1680424297685,alpha,beta
1777,1.72397424879907,16.7888832029101,beta,beta
1494,-10.6760238757687,28.5389776859188,beta,beta
1743,9.43111167230709,21.6950974538391,beta,beta
1752,-25.8616369780063,-8.46273279405803,beta,beta
1817,3.06327024364429,30.216838248294,beta,beta
1852,12.4301287894798,20.5292654672638,beta,beta
1847,10.4689823543249,15.9559290956003,beta,beta
1853,4.81103337245096,-18.691298592347,beta,beta
1793,13.7184685549423,15.6951678582952,beta,beta
1785,27.3935587133904,-7.20459062365419,beta,beta
1748,28.6688032700354,20.4978370622113,beta,beta
1865,5.23258345592872,2.85793723865254,beta,beta
1360,-33.0513163071518,-11.3591489284507,beta,beta
270,-11.9929158203824,8.5599843783552,beta,beta
237,1.32588315160517,-7.74054479494724,quiescent_stellate,beta
1260,7.4825234913752,-12.703488476861,beta,beta
1868,5.80101207664993,-15.7242379201001,beta,beta
1122,1.95204216301725,-9.86508660918621,beta,beta
1135,12.0273110761421,16.3731240805544,beta,beta
1075,4.24520266613093,5.53559958528765,beta,beta
1791,9.01998785657619,17.8417837220572,beta,beta
1789,-11.5531990802344,12.8160496980945,beta,beta
1203,3.6024297513067,4.36500621847987,beta,beta
1794,7.69495403784996,-12.1136211496413,beta,beta
1761,32.2836151344889,-8.56122545083797,beta,beta
1548,-35.1294265189814,-2.20456871148574,beta,beta
1099,-0.684819795123618,14.7817285933338,beta,beta
1422,12.9714470807195,22.1079022562995,beta,beta
1734,-0.519635145647627,-30.3930779560832,beta,beta
590,1.36592230712436,-26.7056740705394,beta,beta
1618,-0.524294760290795,-30.7809364266968,beta,beta
1268,-14.8647263833891,15.7978290018142,beta,beta
1619,-10.8412559902598,29.7639167256475,beta,beta
1001,1.38197479097133,-21.0957715777135,beta,beta
1363,-10.4086893002385,29.0934620227984,beta,beta
339,42.8625958125467,7.44320434711297,beta,beta
1297,11.5404025425685,21.0939407964939,beta,beta
1061,5.48215787914239,-22.6814824243907,beta,beta
977,0.279076723454537,-18.8125817290701,beta,beta
1076,7.74518817556668,15.2249492080725,beta,beta
924,-13.7431149981566,29.3086854934327,beta,beta
1589,3.37812018487375,-36.5807206341447,beta,beta
1627,-12.9002928257313,12.5654420372928,beta,beta
1024,-33.2073869850201,-2.57113995479703,beta,beta
1776,31.1924846839396,-8.6416790057773,beta,beta
1576,-0.428544478792553,9.18621676285636,beta,beta
1324,-34.5967166436704,-5.78512898275095,beta,beta
1735,-34.6654661352685,-4.91560586862325,beta,beta
1693,-13.275295486959,28.8530801389139,beta,beta
1169,5.22816666368822,22.0162776574423,beta,beta
1295,-29.3355387480044,-10.3362766823057,beta,beta
1756,30.0536179536714,-7.97869828207323,beta,beta
1400,0.0681656425475542,20.2276037629308,beta,beta
1824,-5.35425507971122,21.7358991550339,beta,beta
1795,-2.05839917339552,-29.1079767481691,beta,beta
342,-23.5928930094385,-13.1531633902796,beta,beta
1867,4.87243547764599,-6.45785009765278,beta,beta
1720,8.90540925299041,5.37802862053857,beta,beta
1065,3.42331600388753,-37.2396034278014,beta,beta
1645,0.109164325054364,25.1551551360484,beta,beta
61,-9.01011751314608,29.2998325367736,beta,beta
1117,2.11203811481117,26.711020092341,beta,beta
515,22.1766238195463,-1.96784142374923,beta,beta
1121,-14.0146564914589,23.5116658961745,beta,beta
554,6.27628777122959,-18.2083430940893,beta,beta
1882,5.46416172769208,-15.8877766833929,beta,beta
1043,-16.1032102197221,10.8072847973099,beta,beta
1435,-31.3654263339199,-1.88409926575251,alpha,beta
1759,-28.5372019889556,-5.01643521015639,beta,beta
189,5.51967296244778,19.1797367237377,gamma,beta
999,10.8010430280613,-19.5492136112679,beta,beta
1339,9.48050981350963,-34.2393414671121,beta,beta
1767,6.52956365708727,4.26029315597869,beta,beta
1710,11.7886101706529,13.7530451456208,beta,beta
1664,9.56756224291104,-12.8180279037356,beta,beta
1158,43.5919224896579,8.84247001689349,beta,beta
1119,8.60544654394034,-13.5666232649778,beta,beta
1823,-7.96910051236318,9.20369445979245,beta,beta
1082,5.36376356959136,2.84101056014391,beta,beta
1810,-1.48934364254875,10.7076409192869,beta,beta
1773,0.729154150530163,23.5769198450505,beta,beta
1650,1.93625137073145,-20.1803105390613,beta,beta
1528,5.82802141634931,22.9728670127131,beta,beta
1019,-9.74586584673313,29.1160175423395,beta,beta
833,-0.156659445204095,-17.7012417865187,beta,beta
1468,-3.75093223559591,7.35822796661748,beta,beta
1826,3.50804807272948,-17.527517653155,beta,beta
865,-22.7510406466072,-15.9967227404946,beta,beta
1064,-14.8649892171333,10.5477954942622,beta,beta
1100,8.12130850792821,-31.7646047734605,beta,beta
1692,-17.3885035414833,10.6580302516297,beta,beta
1274,0.47524134433617,-30.7044740388344,beta,beta
1533,5.86837425555447,-35.1795295637998,beta,beta
1187,-17.2651544025062,20.2168041350654,beta,beta
1179,-1.72497797530125,-22.0548815940717,beta,beta
1571,-17.6518462027879,21.1121515134007,beta,beta
998,3.0077048683876,-35.8609760867271,beta,beta
1366,-17.5918193375205,25.2701142702815,beta,beta
1762,-0.822310039476722,-26.1665857049501,beta,beta
1518,-15.6205900681024,23.9026061621622,beta,beta
872,-12.2439716224856,21.8161690801016,beta,beta
1678,-17.0140513131129,15.3516115091813,beta,beta
1160,-9.82953570308898,16.9590355706118,beta,beta
1657,-8.93581578703686,10.7727560262316,beta,beta
1611,-1.63493588735899,-34.571831469707,beta,beta
958,-15.2403305984644,9.87095459778503,beta,beta
1303,-15.09214454516,12.6692957724904,beta,beta
888,1.94802353504791,-39.2727087759247,beta,beta
1612,28.934153060148,19.3922946825478,beta,beta
1248,13.484579283399,19.4209609914094,beta,beta
1239,-1.15330393464983,15.4246343947082,beta,beta
1568,-34.1808088981614,-1.45892000829378,beta,beta
1629,-0.291490282992549,-35.5300284311075,beta,beta
873,30.8780220647525,21.3831366732507,beta,beta
943,2.87670948460201,-28.1195631227972,beta,beta
903,25.3132158214708,-7.21529788691384,beta,beta
1750,2.16815906798437,-4.40609035263437,endothelial,beta
1719,8.31300494119745,-18.113011737239,endothelial,beta
1780,13.0581152522894,20.3993553983129,endothelial,beta
1880,-0.619997016039539,4.00393071888527,endothelial,beta
1536,-25.7238919269289,-7.93125105731491,beta,beta
936,31.5361153837861,-7.67329631430096,beta,beta
887,-11.227210886217,29.4216098460682,beta,beta
947,27.1620047987004,-0.971691082743818,beta,beta
1152,-35.2088937018947,-5.79529285108379,beta,beta
1736,-35.4308575452414,-3.27686445000044,beta,beta
1145,-10.8855356566963,27.8077073415477,beta,beta
912,-35.1694135405879,-8.49392547452079,beta,beta
923,29.0308171355432,-6.53342472355452,beta,beta
874,27.1397080477991,-0.56762463120861,beta,beta
876,26.6687117611899,16.0745110628346,beta,beta
917,-5.71458255128485,24.0045552215935,beta,beta
1661,-35.0506521959268,-8.76461325472146,beta,beta
1342,0.768403054007271,30.0090106473819,beta,beta
832,-14.1290520424293,27.7736374265276,beta,beta
910,-0.481522041788068,11.8895533102043,beta,beta
1180,-1.45080020633618,6.35817428311919,beta,beta
1262,-33.3084689823007,-8.10844554727374,beta,beta
955,25.3904449297753,-2.7290095573577,beta,beta
1574,30.3639773119992,21.5586948332779,beta,beta
1036,-0.314276262496684,18.6808982862853,beta,beta
1217,-32.1649465200504,-7.57618036908801,beta,beta
850,-13.2536010794363,28.1193520274762,beta,beta
1279,-33.9141519609592,-7.40317371013201,beta,beta
1315,0.560735971416154,29.2322652136082,beta,beta
946,8.17174713181081,-19.8768549276265,beta,beta
869,3.71131522425569,-25.1601815391306,beta,beta
1547,5.22680647109603,24.6675557565536,beta,beta
1207,30.5641256806206,21.2183573114058,beta,beta
1534,6.25977698158319,19.5790657845697,beta,beta
868,5.57634426645791,5.29454958543703,beta,beta
956,3.78043335118862,30.5344076665126,beta,beta
957,11.3283106950302,19.4558836789373,beta,beta
1251,41.0826241142116,9.24020492649675,beta,beta
973,-1.57399484643952,28.4086099418993,beta,beta
902,27.9814026950153,-7.13383830618584,beta,beta
1670,-0.275090426420073,13.9213110314973,beta,beta
962,-9.5125872820269,29.5725662564756,beta,beta
994,1.20953548515249,7.77506308154139,beta,beta
1219,31.0767986703202,21.5452051393427,beta,beta
1562,-7.81978005085985,28.957871082345,beta,beta
369,26.0870909255299,15.1363678663892,beta,beta
1438,3.12374547332507,-28.4807784438634,beta,beta
1594,6.42785111172583,-17.2004711819467,beta,beta
1567,0.135805178644121,-17.3567217783952,alpha,beta
1581,7.71801693109721,-24.566392731255,beta,beta
1641,25.8830501580928,-4.6369670567056,beta,beta
1134,-18.3730620021947,14.3949622968339,beta,beta
1546,-0.395829904726821,-19.1617665191383,beta,beta
877,-14.1573083190764,12.8047068485358,beta,beta
1509,-3.29674033610192,9.5468809700512,beta,beta
1425,-15.7339325411427,23.804594596989,beta,beta
1343,7.75802201818761,26.4830533523673,beta,beta
1242,8.91521061284287,-30.3872903951249,beta,beta
830,-18.5950391377304,19.6387116944372,beta,beta
953,9.01278167277695,-23.8943346323252,beta,beta
1655,-14.8437395694235,24.4777349666147,beta,beta
1215,3.32549646449707,-39.0388338284974,beta,beta
1256,1.27539518411106,-35.7280968787277,beta,beta
1632,-15.1210685632325,27.8458344595979,beta,beta
1550,-20.3483275823147,20.1605114885632,beta,beta
847,3.78120927279456,10.6479463332587,beta,beta
1166,-15.4635126953323,24.100692825731,beta,beta
1540,-16.4236175540262,26.3113089886404,beta,beta
1519,-12.3927931009319,19.9876400646053,beta,beta
1514,-12.8739226699951,14.7094983395536,beta,beta
1241,0.532019641638424,-19.2697040238616,beta,beta
1007,-17.2834061573347,25.6078620336982,beta,beta
1156,9.58314118466088,-33.8380469749115,beta,beta
1630,1.62427727695536,2.38002218320381,beta,beta
1531,3.16830229524073,-33.7030169536121,beta,beta
1184,-9.53838722482364,7.64562637543359,beta,beta
860,4.36418374598587,15.0289799447468,beta,beta
1198,0.780259775804612,4.79585300791704,beta,beta
1492,41.2718665694887,4.71722667758475,beta,beta
899,-35.0726318194964,-3.29178365022702,beta,beta
1150,-35.2306065574167,-9.44087673286156,beta,beta
1580,-3.66667811457191,10.1041344794988,beta,beta
278,-5.36566995670168,19.4747983552778,beta,beta
1513,4.242704647085,5.80805704823646,beta,beta
841,7.38738868104355,-37.341187416211,beta,beta
1143,41.1083670618072,5.68983747228374,beta,beta
983,31.5005446779282,-7.55752285952274,beta,beta
844,-35.4686423902051,-5.39612104525956,beta,beta
364,-0.280169028427186,-16.544826074632,beta,beta
1151,-24.9604126240256,-7.19730803047782,beta,beta
1340,1.14530117277472,27.9490538174976,beta,beta
1454,29.6244446295131,21.1084588311535,beta,beta
1484,14.2806349853855,22.4046333477463,beta,beta
1455,1.45808703460979,7.07373125410451,beta,beta
1392,11.6225176234264,20.7964239094703,beta,beta
1449,4.79397982963085,-13.02125505945,beta,beta
1129,4.85876005210027,7.26906901768342,beta,beta
542,5.36827318330941,7.50927922038737,beta,beta
1060,0.499598618497906,24.0187410785796,beta,beta
498,-23.4847608067908,-9.7704380649139,beta,beta
1848,-14.26018158125,14.3429055491435,beta,beta
818,-12.5068512381719,5.06039412185142,T_cell,beta
1320,1.76207025166367,3.91760142362259,beta,beta
1598,-14.1340019668351,17.1315381761062,beta,beta
1300,-0.248506342353593,-28.3641421365792,beta,beta
1800,30.2281129339098,20.4246303634292,beta,beta
1843,29.9409619048593,20.1447384970008,beta,beta
1575,8.34946824622773,11.4764454691643,beta,beta
1186,9.20080561966605,-37.3611383927861,beta,beta
1522,5.85151540124598,-40.1261612973218,beta,beta
933,-12.6935249270072,5.4544720887464,beta,beta
849,6.0318680925848,-39.5030124274846,beta,beta
1535,3.41666908390948,-37.6684532667503,beta,beta
1496,0.327529462593868,-0.261792510148465,beta,beta
586,10.5994000818053,-32.3141762121973,beta,beta
1353,-8.60470627397122,16.9095098416592,beta,beta
1558,5.46432191474469,-30.3792653653573,beta,beta
1543,0.645470048495127,-27.6046043638701,beta,beta
1072,-17.4043427875345,16.4494415535392,beta,beta
1730,-19.2123495780698,16.0004000904959,beta,beta
952,9.00911660516113,-39.0985139691727,beta,beta
1161,4.71626339864662,-27.2136467447535,beta,beta
871,6.92773664726778,-38.7033902923869,beta,beta
1526,-10.381754954836,11.1284077462271,beta,beta
930,8.19500219968757,-38.8066109576376,beta,beta
925,-19.1480625668144,14.383667110543,beta,beta
1213,44.195147892777,7.99607725388525,beta,beta
1181,0.0964660553470902,-36.8159338302179,beta,beta
1593,4.60842553401971,-39.5467423159364,beta,beta
1620,2.10588104745991,-38.947306335453,beta,beta
1037,-2.14154987350197,2.98863067209034,beta,beta
1153,0.238413392742057,-38.1152006618793,beta,beta
1520,2.39670292225686,-34.0912377928326,beta,beta
1747,-8.89031895643861,15.7961544772276,beta,beta
1208,7.92595498150638,-33.4277257804386,beta,beta
1510,3.24201065301846,-35.1981063759865,beta,beta
1175,-7.01165664852293,15.7482058296349,beta,beta
1624,-0.119465923822156,-18.3391854012039,beta,beta
895,-8.9684207678972,19.2228783214801,beta,beta
1529,9.82283887163898,-27.2429136888936,beta,beta
1201,10.5671244523683,-17.5519223750907,beta,beta
854,-8.18649461904727,9.12335583791487,beta,beta
880,-15.9103191195724,12.91312910863,beta,beta
1148,-17.692688543609,27.0457457293174,beta,beta
1634,0.482116387260859,-36.5820508973331,beta,beta
1559,-8.99656757952529,8.43145270099708,beta,beta
928,-18.2432622633256,21.524406889238,beta,beta
1247,10.3823055289203,13.4493726685379,beta,beta
838,-30.4081762820426,-10.7387911245657,beta,beta
1506,-12.3059960859201,4.91687120078016,beta,beta
1615,1.90758683344058,5.03289643881701,beta,beta
1195,3.11419305469197,-33.6564416779531,beta,beta
911,7.49020962781533,-34.8590330079182,beta,beta
996,9.98212347038507,-19.9883790157837,beta,beta
1216,-15.5787648091634,17.0293202226495,beta,beta
1205,31.9979557918351,-8.67392670617436,beta,beta
1544,10.6388171235547,-18.564144600889,beta,beta
1199,3.20494467308341,-31.8426982772082,beta,beta
848,1.85110527965699,-4.38409541797567,beta,beta
858,-6.92960216140947,15.9696141396629,beta,beta
1067,-15.1767199743688,9.53466751106171,beta,beta
1174,-0.887084489114442,18.7337600572831,beta,beta
823,0.00139975292475148,-30.4748984981971,beta,beta
842,3.15450681933609,11.5468155796917,beta,beta
837,9.42654913838654,-28.1817947008924,beta,beta
840,-2.69132576451607,1.93503867841336,beta,beta
1653,-9.64586070348602,7.97848485921221,beta,beta
1523,-10.7920828140087,7.84632081297845,beta,beta
1243,-13.2588476397074,20.5487648592099,beta,beta
1527,-5.51440438338366,18.5945278772883,beta,beta
825,10.6402929250166,-16.548868380952,beta,beta
834,1.33634636167734,-22.9290035542101,beta,beta
839,-12.1406608000455,7.75816235325312,beta,beta
1497,4.95656814984031,27.7893145630154,beta,beta
8,5.54593109005043,1.93471545356693,beta,beta
570,6.60995163346767,-37.5755350637953,beta,beta
1159,-8.00404575533167,18.932984712781,beta,beta
1493,-19.5714946185222,21.5884142392911,beta,beta
851,-2.44156527266558,-22.7002738899886,beta,beta
1191,1.54073174027376,-1.29442894236284,beta,beta
1501,30.8067330660513,21.1078216242581,beta,beta
1263,-2.45415070621697,13.8131785649536,beta,beta
1220,7.49787004582272,-35.238202261283,beta,beta
1677,8.98340990658904,-27.047792377145,beta,beta
1349,9.32197647689725,-34.338425837953,beta,beta
1390,-32.2061154074315,-1.88465163257606,beta,beta
706,44.2630708322857,10.0216282464291,beta,beta
395,4.70937750470267,6.3955820973264,beta,beta
1335,-27.4271471884594,-5.63819641855899,beta,beta
1407,1.4130096254221,18.9476914275607,beta,beta
179,-17.8132582672296,-11.4957457679574,beta,beta
114,8.15538527064422,-34.6940435598425,beta,beta
620,43.6806814864,9.3410391251421,beta,beta
408,-32.5564000460221,-8.5473652022333,beta,beta
1790,-33.9714351357088,-7.99790150744376,beta,beta
158,-6.99237261034183,17.346962839014,beta,beta
780,-33.4482993961681,-12.5660808165337,beta,beta
414,-34.3360512896763,-1.55401108633837,beta,beta
1014,-30.8724549200049,-11.7823815942504,beta,beta
1087,27.4046746041596,-1.32238552581537,beta,beta
491,-0.817668868731327,6.8825750230032,beta,beta
174,-13.5051218840988,5.315329391231,beta,beta
761,-6.83351692688935,16.2243403515947,beta,beta
680,-7.0254299864693,16.4059254388428,beta,beta
474,-31.3329340337171,-10.1664724674083,beta,beta
330,31.3073773058834,-7.98382784312267,beta,beta
1401,28.7484574282156,20.108356915643,beta,beta
181,8.24170993112984,17.2625835588789,beta,beta
1034,12.757312686769,14.1133968320041,beta,beta
1351,-23.2688975164179,-11.8954322077049,beta,beta
1047,-2.28612441307265,26.9975261303201,beta,beta
1080,-12.410165635037,15.3943871864981,beta,beta
661,5.07425006776375,22.843872970828,beta,beta
1686,6.27841048096073,8.11980939862857,beta,beta
1063,8.2289204531234,7.34436184339485,beta,beta
1458,7.03578513474636,5.50037065576459,beta,beta
648,-24.6033781589036,-8.90091516076717,beta,beta
781,5.50478224946998,20.3381793797325,beta,beta
352,-2.32017657048741,28.1684175798077,beta,beta
1442,-1.70056673808413,27.4685433984591,beta,beta
1056,28.6555613456596,19.1899809366961,beta,beta
1699,40.9549460914953,8.84759725925097,beta,beta
1779,-19.0955526767406,-9.96161428209092,beta,beta
1737,6.61787453843708,20.8986782261451,beta,beta
1387,12.9349966933682,20.8443180459661,beta,beta
1613,-16.5992427739346,-9.14662450363577,beta,beta
1687,2.79547783178461,-13.8765087133212,beta,beta
767,-18.2770670874427,-13.3360922356037,beta,beta
1758,7.4602038739146,6.99286010140867,beta,beta
1429,12.2822921476724,17.2351988653422,beta,beta
744,-0.301729963546092,21.6165242070538,beta,beta
1738,-0.98266653115472,22.3072861976589,beta,beta
148,-22.6556427830277,-12.8030470359297,beta,beta
129,-25.9372050065839,-8.96829289103716,beta,beta
47,-2.62470549056178,7.20079890807397,alpha,beta
1113,-19.1788118192,22.2363890162974,beta,beta
629,1.96759985595952,-29.9780536794793,beta,beta
1431,-6.48281758292047,16.2117747037561,beta,beta
715,-17.8051452008217,13.0613891457223,beta,beta
626,43.7087689472117,8.53597308615448,beta,beta
1782,40.6418129168744,7.40159743233488,beta,beta
74,23.8445716482518,-6.23171407366728,beta,beta
89,-4.92612754303979,6.89261067134588,beta,beta
1420,4.32984034272379,3.89575588878755,beta,beta
1299,24.9394324188414,14.2919573731021,beta,beta
1352,42.9857161787497,9.67000003396791,beta,beta
1754,24.5724189614413,-6.58037244466561,beta,beta
759,6.88384188440019,-17.3314807004549,beta,beta
198,5.85891185216234,-12.1829013457696,beta,beta
708,1.57229861939414,11.5604716381876,beta,beta
749,-13.3274429707197,20.5286685919906,beta,beta
378,3.02834148947383,-40.7657385929887,beta,beta
746,-15.6708228929229,15.8535551435177,beta,beta
13,7.51645401561665,-38.6684166704405,beta,beta
1721,2.35331275758059,-6.41041499834058,beta,beta
986,-18.9255295706782,20.6246127038373,beta,beta
1778,1.16115063148645,3.35674498065028,beta,beta
982,-33.3083759744102,-12.1550803784162,beta,beta
1812,11.6554278599366,22.1960284297069,beta,beta
283,8.89655665644954,16.9651349031818,beta,beta
150,-18.0069578452447,-13.6107122769364,beta,beta
519,30.5421214102159,20.7112198030553,beta,beta
513,5.00111786625272,-30.4724021650388,beta,beta
473,26.226505434294,15.4601973099494,beta,beta
709,9.86255440259929,22.077806867481,beta,beta
774,4.954692694164,23.7206397583098,beta,beta
169,-26.0748832681818,-10.3903303065425,beta,beta
449,10.1981124078784,-15.8948832125041,beta,beta
1712,4.1299189584865,-12.7039180227557,beta,beta
486,-2.72119823136482,29.0909333746945,beta,beta
216,12.3496253664185,17.3881828386613,beta,beta
550,5.02500038092175,13.5921750108011,beta,beta
168,0.932231167213357,22.6187186368654,beta,beta
810,5.38842497069872,6.95525994648402,beta,beta
106,4.21133683328695,16.3185228198619,beta,beta
344,-27.4930922730742,-10.5300220085039,beta,beta
555,-16.0263233713636,-12.1395975305969,beta,beta
616,0.931930664055032,28.0562880389777,beta,beta
766,6.35175751769283,21.2035538698781,beta,beta
740,1.75660502364645,27.2249641930247,beta,beta
453,-23.3060478840904,-13.8704424261711,beta,beta
523,-31.5782805000186,-3.42157902347769,beta,beta
1358,0.479354616158735,20.3411148994454,beta,beta
703,2.40720960588633,10.3451980387599,beta,beta
209,-30.9402428293394,-5.75546979435806,beta,beta
118,-21.1267951149961,-9.55348116624355,beta,beta
197,41.2079217103841,9.52443565255747,beta,beta
476,25.094493692451,14.562026584765,beta,beta
779,-18.6903204542193,-11.7886909957733,beta,beta
117,24.9284241859727,13.8699446370048,beta,beta
754,-22.9029253764839,-14.4389154425258,beta,beta
756,-17.0373347321447,-9.66012797148457,beta,beta
545,8.97735646741992,18.1011286660962,beta,beta
240,-23.435565671767,-12.8421061896893,beta,beta
366,7.55857232927968,9.58762928266229,beta,beta
1834,-23.7960092022305,-8.3682028764116,beta,beta
607,-18.2088806307418,-12.1749775030629,beta,beta
411,21.4422494573595,-3.35384213246263,beta,beta
196,20.8680569513106,-3.75193693927102,beta,beta
484,-9.39636733478178,22.1701717521009,beta,beta
371,43.250628193493,9.83331800462109,beta,beta
714,2.24680407706351,-37.9274237781351,beta,beta
457,-34.0013069035935,-12.5076179265338,beta,beta
429,13.8808641668597,21.7113773312057,beta,beta
685,-36.4185990070602,-4.28353209714181,beta,beta
509,-32.0689269986316,-8.31521732307865,beta,beta
252,-34.5194299144767,-1.41700637569801,beta,beta
676,-0.939546208159573,7.39589024418086,beta,beta
630,24.4503351466119,-2.61488739515644,beta,beta
77,1.22979033373503,4.82287072194172,beta,beta
248,-31.9508567213232,-10.0152579385433,beta,beta
1457,1.67608972059927,23.2260656928553,beta,beta
591,-34.5041107499525,-5.89388625803978,beta,beta
186,12.7987729875381,14.9325211499663,beta,beta
670,3.11893040531662,-31.519637069224,beta,beta
512,2.71260589824645,-23.2297616070476,beta,beta
493,-29.7774046020809,-5.4971359127843,beta,beta
904,7.92650840741034,13.3174357934325,delta,beta
1679,-17.2660016795548,10.160374317544,alpha,beta
1102,-16.8402079804537,11.8092942634321,B_cell,beta
361,-1.2538489169744,-14.5098305904765,beta,beta
119,1.76492478866659,-14.894110100287,beta,beta
60,1.76468930261271,11.7251943232898,beta,beta
660,2.48750582840925,20.6565490042447,beta,beta
1410,11.5733406650218,13.9618459697966,beta,beta
177,43.5879081695822,8.27970997925464,beta,beta
285,10.788612106405,-16.7615072232185,beta,beta
138,-4.46072766008724,7.51883854899685,beta,beta
637,29.0995168027757,19.2868870036988,beta,beta
101,4.88810866690908,4.68171762100471,beta,beta
65,-5.35044297975226,21.4369860481036,beta,beta
690,1.22705863322928,-7.56700440431932,beta,beta
959,-0.096719536017386,-19.9809114940452,beta,beta
794,-1.02263617704323,-28.6053755930807,beta,beta
268,6.56755655244617,-24.0052037513459,beta,beta
180,11.1308876478576,-26.499360952674,beta,beta
1707,-0.0807631595864189,-25.6956986612971,beta,beta
544,0.666621661608064,22.599304200796,beta,beta
147,-1.59550712801361,-22.0520666935815,beta,beta
433,28.0290432787136,-7.40995734643933,beta,beta
423,10.9441462288126,15.295230440363,beta,beta
1114,4.7137993013688,-22.2598969575598,activated_stellate,beta
1507,-5.28692688602068,6.73140181750265,activated_stellate,beta
677,16.5946186313423,-1.14826234254263,T_cell,beta
1433,2.99923971250342,-25.1395487401648,quiescent_stellate,beta
1355,19.0369148843453,-2.94209976700145,endothelial,beta
1796,-32.931162624434,-2.73284293582669,endothelial,beta
684,-9.51854134278896,9.82204988050461,endothelial,beta
1289,-12.6799085004947,11.4263749846727,endothelial,beta
951,-11.5969425920765,16.2234861724136,endothelial,beta
564,19.7219366370096,-3.39448649460667,quiescent_stellate,beta
816,3.77786604899555,13.0746952313955,endothelial,beta
7,-2.693627456802,3.53337368906428,beta,beta
719,-20.8224623466994,-14.5974278511895,beta,beta
681,-21.0408158630969,-12.4408124361318,beta,beta
130,-30.6244177528114,-11.9534446401668,beta,beta
211,40.8133799644978,6.4555255456144,beta,beta
125,6.49471662379015,22.7951490832951,beta,beta
502,4.94525390432213,27.4892416256722,beta,beta
350,4.72669177972697,23.2950564162541,beta,beta
692,-3.33208125530447,25.2523541422055,beta,beta
454,-22.7055352996478,-9.31511111435298,beta,beta
636,-22.6047118949126,-15.0701420006643,beta,beta
374,-23.5661310906916,-10.1786847157509,beta,beta
259,24.6408457582025,-5.15660209532605,beta,beta
443,25.3590314223509,-6.72933470295699,beta,beta
213,0.791400357563434,-18.3896035588117,beta,beta
399,4.27827491218303,24.7221646848888,beta,beta
466,41.2070115808211,8.47756107452926,beta,beta
49,25.1074762347707,-3.50753549683504,beta,beta
311,5.41748063992839,22.0021348439128,beta,beta
52,-17.6279206310593,-10.9337065581532,beta,beta
633,4.26569206384514,23.7499844823643,beta,beta
75,4.56313913574881,-11.8007274779361,beta,beta
12,-2.26842282086784,28.5068497719677,beta,beta
621,12.5585307752835,21.8545225712377,beta,beta
750,-26.9129788410697,-10.4791910644193,beta,beta
357,13.0947504549287,20.7716032035489,beta,beta
34,2.04062253170489,-23.3141071165491,beta,beta
338,8.55904040262453,8.524280520765,beta,beta
480,11.9421644189423,12.3323861605956,beta,beta
66,5.45064016782052,-15.2801477018555,beta,beta
141,-1.19778148543487,25.6456933825692,beta,beta
438,-1.22317572619103,27.073636954462,beta,beta
164,4.94068955355956,-25.4367908439903,beta,beta
451,-24.9306585756285,-9.96167478325265,beta,beta
643,1.95981521397646,-19.9773702796359,beta,beta
455,4.49218145390662,-12.123912524241,beta,beta
469,1.26640509731571,22.8190006063041,beta,beta
1658,4.40723996911359,20.5809755096557,beta,beta
131,-3.15020477929458,9.32155743310226,beta,beta
450,-7.98221437691623,19.6684708682241,beta,beta
368,-36.6782988160886,-4.51544533085856,beta,beta
707,-21.6499974894151,-9.49094007032028,beta,beta
108,-0.497038315595001,9.35061280272416,beta,beta
206,-2.27572655580949,4.79191880478702,beta,beta
533,-9.08363458951151,6.12975005046537,beta,beta
1500,7.97988273808948,14.8328550878562,beta,beta
760,8.21341694997054,-34.8933214141606,beta,beta
190,26.7028769635083,-6.7868029255233,beta,beta
619,30.3750619447113,20.650867862865,beta,beta
199,7.52489238700392,-33.2031575609306,beta,beta
1010,-5.64388157906912,7.96125449855155,beta,beta
700,3.95217560730927,-23.8912929515375,beta,beta
627,4.07767398157559,16.0387704679453,beta,beta
769,5.93034981518367,14.0424456791578,beta,beta
710,20.6828282556749,-3.39078821240957,beta,beta
296,21.4797947358789,-3.61682021900243,beta,beta
711,-17.1156350033641,26.7127256255462,beta,beta
1005,-19.1448241894629,24.6597921645267,beta,beta
1745,-11.5433148852309,10.4157772459514,beta,beta
224,-12.9395672371904,11.1105829774804,beta,beta
795,-12.4593790574519,20.8184309790108,beta,beta
97,-36.5154845969299,-2.89009102889621,beta,beta
1502,-3.4560414882746,29.5403552499621,beta,beta
6,-34.1273254097987,-12.5497525518529,beta,beta
22,4.26118372192284,-39.2176108668214,beta,beta
569,44.4638470496037,8.3338531485548,beta,beta
381,7.57054204080009,-33.5949397086998,beta,beta
575,7.51763118241228,26.2155838046667,beta,beta
608,-9.29522982239204,22.3845618391184,beta,beta
705,-15.985584352311,21.4281724513462,beta,beta
35,-8.38257405282457,6.48985109842251,beta,beta
499,-32.9934225365627,-8.74110749219314,beta,beta
214,-36.1354422784174,-4.84271677489629,beta,beta
386,-14.7254228740798,27.5440281561677,beta,beta
806,-14.790431267488,5.69178028874064,beta,beta
1,3.96007534500093,-36.501429391703,beta,beta
843,-28.4690155906045,-4.26046446073143,beta,beta
683,-33.2101804628359,-11.4463418619829,beta,beta
402,-25.6639813414765,-7.86807889173325,beta,beta
824,0.0978911510972362,7.82960048200638,beta,beta
9,-22.9617602960909,-15.5741733894551,beta,beta
1144,-29.8118708504976,-10.5695367266801,beta,beta
481,28.4134673505623,-6.20619375482214,beta,beta
80,4.8454918072925,-6.28161980875341,beta,beta
727,24.0250532909888,-5.57701398982608,beta,beta
697,21.5554684137083,-2.96502397673796,beta,beta
219,2.48837810405733,-17.3220628184325,beta,beta
380,5.38425787605427,-8.36112471310213,beta,beta
163,-18.848777444214,-10.84568962284,beta,beta
470,3.88449681359365,-14.3598863195662,beta,beta
434,1.69845015529438,4.41660973905201,beta,beta
128,7.69962028751153,6.92665238657624,beta,beta
392,4.56553136416615,-20.7330731509852,beta,beta
472,-24.9145101456393,-9.50081639515379,beta,beta
617,24.9804353128774,-5.34126093159128,beta,beta
223,40.5113576214559,6.21281821957226,beta,beta
326,26.2853787296327,-6.01057954412563,beta,beta
642,-19.6806881006878,-11.2434780863859,beta,beta
93,41.1950636411074,10.7325650973982,beta,beta
403,-25.0521398477069,-7.2839877304676,beta,beta
666,-18.1664907954634,-10.3655745367832,beta,beta
359,10.166856905793,17.6071797658788,beta,beta
393,7.54519562324154,7.06662168652459,beta,beta
698,-2.35973889270685,-15.7510800586582,beta,beta
728,4.4364328874463,11.6307340920697,beta,beta
410,-25.4294112516702,-9.67942642618129,beta,beta
686,-25.2461549077977,-9.96215822942768,beta,beta
426,23.4771822281224,-4.71262432166082,beta,beta
142,11.8350135360323,14.470863963147,beta,beta
720,40.8280583976146,5.33572217625429,beta,beta
436,2.14294347097099,-15.3288744132784,beta,beta
440,-22.2033453622947,-10.1585014031498,beta,beta
673,-21.3612727912045,-11.3738426711783,beta,beta
981,3.00446618002726,25.9906795710707,beta,beta
1041,-16.9891819763948,-11.3871673626029,beta,beta
1048,-9.94051943146718,28.1107600240295,beta,beta
340,-16.9348926521889,-10.9890866657577,beta,beta
68,-21.6218307634098,-14.0131514833585,beta,beta
337,-20.9179409914556,-13.1885459259245,beta,beta
674,-17.5421998164359,-9.73199722799249,beta,beta
662,0.250565604332577,-21.9319991333659,beta,beta
384,-30.3447831542119,-10.6904895458186,ductal,beta
103,39.8794904561664,10.1511951742376,beta,beta
645,-1.40102389584333,8.84923372871893,beta,beta
452,-33.2436577203047,-12.9415665812536,beta,beta
739,-34.2060763564478,-12.4701259280613,beta,beta
501,32.1375394483277,-8.87737395593221,beta,beta
56,2.69831713789208,20.7879485324847,beta,beta
143,-24.3566280653156,-8.19799653099907,beta,beta
723,-35.9287027726182,-3.93249563093891,beta,beta
149,-35.2162091378018,-2.72768621995505,beta,beta
1110,4.86186724452773,-33.7793454403243,beta,beta
1077,-15.9329855094112,12.3181992949997,beta,beta
319,1.45683784531483,-38.8404585024667,beta,beta
468,-0.789021742849203,-30.5790260453352,beta,beta
552,-19.1227838337164,24.2465795061827,beta,beta
787,-19.0264524861131,16.2351520395291,beta,beta
351,-7.36830016943374,16.0085903121178,beta,beta
170,1.87365789199882,-34.9478068566645,beta,beta
1017,24.3974930726167,13.4821983246077,beta,beta
1372,41.1800522307072,10.4112182944868,beta,beta
531,7.87282445824786,-13.1271140937874,beta,beta
462,26.06283342672,-5.97177064943707,beta,beta
1079,-1.69269062494204,-16.9185746364241,beta,beta
733,-4.09139655761697,7.5571585214827,beta,beta
699,3.52286995001054,-13.900176876254,beta,beta
757,8.12232454522181,14.0173936295474,beta,beta
773,41.1424391841896,9.92463533712305,beta,beta
1459,25.0139620882858,14.3426182685148,beta,beta
109,-17.0009905825468,19.7484867759256,beta,beta
751,1.32465875900053,-36.2104638013726,beta,beta
257,-15.3942397644911,24.0369275383015,beta,beta
335,-35.2880006338104,-7.4839433452054,beta,beta
247,-18.5638902226672,24.2035700353586,beta,beta
171,-5.61947727198553,22.1260477492123,beta,beta
132,-13.260030960614,8.4310401288409,beta,beta
